bedrooms,bathrooms,building_size,land_size,car_spaces,floors_total,maidrooms,village,subdistrict,city,price
3,3,100.0,54.0,0,1,0,JAGAKARSA,JAGAKARSA,JAKARTA SELATAN,1250000000.0
5,3,180.0,182.0,2,1,0,BINTARO,PESANGGRAHAN,JAKARTA SELATAN,3300000000.0
4,3,250.0,110.0,0,1,0,MAMPANG PRAPATAN,MAMPANG PRAPATAN,JAKARTA SELATAN,4500000000.0
3,3,200.0,110.0,2,1,0,TOMANG,GROGOL PETAMBURAN,JAKARTA BARAT,4300000000.0
2,1,45.0,62.0,0,1,0,JAGAKARSA,JAGAKARSA,JAKARTA SELATAN,850000000.0
2,2,50.0,49.0,0,1,0,CIPAYUNG,CIPAYUNG,JAKARTA TIMUR,888000000.0
4,3,123.0,90.0,0,1,0,DUREN SAWIT,DUREN SAWIT,JAKARTA TIMUR,4000000000.0
5,4,116.0,120.0,0,1,0,CAKUNG TIMUR,CAKUNG,JAKARTA TIMUR,2700000000.0
4,4,250.0,103.0,0,1,0,JAGAKARSA,JAGAKARSA,JAKARTA SELATAN,3300000000.0
5,5,200.0,196.0,0,1,0,JAGAKARSA,JAGAKARSA,JAKARTA SELATAN,4700000000.0
4,4,120.0,75.0,0,1,0,KEBAGUSAN,PASAR MINGGU,JAKARTA SELATAN,2125000000.0
8,4,300.0,210.0,2,1,0,DUREN TIGA,PANCORAN,JAKARTA SELATAN,7000000000.0
3,3,300.0,270.0,2,1,0,DUREN TIGA,PANCORAN,JAKARTA SELATAN,5900000000.0
6,5,530.0,200.0,0,1,0,CILANDAK BARAT,CILANDAK,JAKARTA SELATAN,10000000000.0
1,1,21.0,26.0,1,1,0,TANJUNG PRIOK,TANJUNG PRIOK,JAKARTA UTARA,292000000.0
4,4,200.0,111.0,2,1,0,PENGGILINGAN,CAKUNG,JAKARTA TIMUR,1400000000.0
2,1,45.0,62.0,0,1,0,JAGAKARSA,JAGAKARSA,JAKARTA SELATAN,850000000.0
2,1,45.0,62.0,0,1,0,JAGAKARSA,JAGAKARSA,JAKARTA SELATAN,850000000.0
6,3,270.0,160.0,0,1,0,SUNTER JAYA,TANJUNG PRIOK,JAKARTA UTARA,3950000000.0
2,2,29.0,29.0,0,1,0,CIRACAS,CIRACAS,JAKARTA TIMUR,578000000.0
3,3,200.0,140.0,0,1,0,KEMANGGISAN,PALMERAH,JAKARTA BARAT,1749000000.0
6,6,250.0,128.0,0,1,0,KEBAGUSAN,PASAR MINGGU,JAKARTA SELATAN,4000000000.0
4,1,150.0,196.0,0,1,0,RAWAMANGUN,PULO GADUNG,JAKARTA TIMUR,5500000000.0
5,3,123.0,90.0,0,1,0,DUREN SAWIT,DUREN SAWIT,JAKARTA TIMUR,4065869208.0
3,2,275.0,167.0,0,1,0,MALAKA JAYA,DUREN SAWIT,JAKARTA TIMUR,1300000000.0
4,3,188.0,205.0,0,1,0,PESANGGRAHAN,PESANGGRAHAN,JAKARTA SELATAN,1700000000.0
3,3,140.0,77.0,0,1,0,JAGAKARSA,JAGAKARSA,JAKARTA SELATAN,1873000000.0
4,4,120.0,105.0,0,1,0,JAGAKARSA,JAGAKARSA,JAKARTA SELATAN,1850000000.0
4,4,245.0,210.0,0,1,0,JOGLO,KEMBANGAN,JAKARTA BARAT,3900000000.0
8,5,250.0,400.0,0,1,0,PENGADEGAN,PANCORAN,JAKARTA SELATAN,13500000000.0
5,3,295.0,145.0,0,1,0,KOJA,KOJA,JAKARTA UTARA,3900000000.0
5,4,190.0,205.0,0,1,0,JAGAKARSA,JAGAKARSA,JAKARTA SELATAN,2600000000.0
4,4,150.0,69.0,0,1,0,CIGANJUR,JAGAKARSA,JAKARTA SELATAN,1775000000.0
3,2,60.0,60.0,0,1,0,PESANGGRAHAN,PESANGGRAHAN,JAKARTA SELATAN,1250000000.0
5,4,190.0,205.0,0,1,0,JAGAKARSA,JAGAKARSA,JAKARTA SELATAN,2600000000.0
5,5,180.0,126.0,0,1,0,CIGANJUR,JAGAKARSA,JAKARTA SELATAN,2450000000.0
3,3,120.0,81.0,1,1,0,JAGAKARSA,JAGAKARSA,JAKARTA SELATAN,1350000000.0
4,3,220.0,133.0,0,1,0,PONDOK PINANG,KEBAYORAN LAMA,JAKARTA SELATAN,2200000000.0
2,1,45.0,60.0,0,1,0,CILANGKAP,CIPAYUNG,JAKARTA TIMUR,750000000.0
4,2,200.0,250.0,0,1,0,JATI PADANG,PASAR MINGGU,JAKARTA SELATAN,5000000000.0
3,1,100.0,81.0,0,1,0,BENDUNGAN HILIR,TANAH ABANG,JAKARTA PUSAT,3000000000.0
4,3,450.0,300.0,0,1,0,BINTARO,PESANGGRAHAN,JAKARTA SELATAN,6000000000.0
3,2,75.0,51.0,0,1,0,CIPAYUNG,CIPAYUNG,JAKARTA TIMUR,900000000.0
3,1,180.0,140.0,2,1,0,JAGAKARSA,JAGAKARSA,JAKARTA SELATAN,3000000000.0
4,4,180.0,132.0,0,1,0,JAGAKARSA,JAGAKARSA,JAKARTA SELATAN,2850000000.0
5,4,231.0,136.0,0,1,0,KLENDER,DUREN SAWIT,JAKARTA TIMUR,6900000000.0
4,5,180.0,130.0,0,1,0,TANJUNG BARAT,JAGAKARSA,JAKARTA SELATAN,2400000000.0
4,4,250.0,176.0,0,1,0,CIPINANG,PULO GADUNG,JAKARTA TIMUR,3950000000.0
6,6,500.0,290.0,2,1,0,KALIDERES,KALI DERES,JAKARTA BARAT,2900000000.0
4,3,200.0,125.0,0,1,0,JAGAKARSA,JAGAKARSA,JAKARTA SELATAN,2350000000.0
4,2,106.0,89.0,1,1,0,JAGAKARSA,JAGAKARSA,JAKARTA SELATAN,1450000000.0
4,3,250.0,110.0,0,1,0,JAGAKARSA,JAGAKARSA,JAKARTA SELATAN,1800000000.0
3,2,50.0,50.0,0,1,0,CILANGKAP,CIPAYUNG,JAKARTA TIMUR,760000000.0
3,3,146.0,90.0,0,1,0,DUREN SAWIT,DUREN SAWIT,JAKARTA TIMUR,4300000000.0
3,3,100.0,86.0,0,1,0,JAGAKARSA,JAGAKARSA,JAKARTA SELATAN,1880000000.0
3,3,348.0,154.0,0,1,0,TOMANG,GROGOL PETAMBURAN,JAKARTA BARAT,8000000000.0
2,1,150.0,54.0,0,1,0,JELAMBAR BARU,GROGOL PETAMBURAN,JAKARTA BARAT,1944000000.0
4,4,191.0,89.0,0,1,0,JAGAKARSA,JAGAKARSA,JAKARTA SELATAN,2900000000.0
4,4,146.0,90.0,2,1,0,DUREN SAWIT,DUREN SAWIT,JAKARTA TIMUR,4037097400.0
4,3,319.0,295.0,0,1,0,KALIDERES,KALI DERES,JAKARTA BARAT,2000000000.0
2,1,37.0,63.0,0,1,0,KALIDERES,KALI DERES,JAKARTA BARAT,899000000.0
3,2,63.0,81.0,1,1,0,JELAMBAR,GROGOL PETAMBURAN,JAKARTA BARAT,3300000000.0
4,2,90.0,120.0,0,1,0,MERUYA SELATAN,KEMBANGAN,JAKARTA BARAT,2999000000.0
5,4,166.0,140.0,0,1,0,SEMANAN,KALI DERES,JAKARTA BARAT,3250000000.0
3,2,120.0,91.0,0,1,0,TEBET BARAT,TEBET,JAKARTA SELATAN,2800000000.0
2,2,46.0,40.0,0,1,0,CIBUBUR,CIRACAS,JAKARTA TIMUR,590000000.0
4,4,450.0,300.0,0,1,0,KEDOYA UTARA,KEBON JERUK,JAKARTA BARAT,6300000000.0
2,1,40.0,45.0,1,1,0,JAGAKARSA,JAGAKARSA,JAKARTA SELATAN,500000000.0
1,1,300.0,200.0,0,1,0,GAMBIR,GAMBIR,JAKARTA PUSAT,8500000000.0
3,2,170.0,140.0,0,1,0,PANCORAN,PANCORAN,JAKARTA SELATAN,3000000000.0
2,2,75.0,75.0,0,1,0,KAMAL,KALI DERES,JAKARTA BARAT,550000000.0
4,4,150.0,93.0,0,1,0,KEBAGUSAN,PASAR MINGGU,JAKARTA SELATAN,2750000000.0
4,2,200.0,114.0,1,1,0,LEBAK BULUS,CILANDAK,JAKARTA SELATAN,3200000000.0
4,4,146.0,90.0,0,1,0,DUREN SAWIT,DUREN SAWIT,JAKARTA TIMUR,3900000000.0
5,6,246.0,120.0,0,1,0,PESANGGRAHAN,PESANGGRAHAN,JAKARTA SELATAN,5800000000.0
2,1,50.0,68.0,1,1,0,JAGAKARSA,JAGAKARSA,JAKARTA SELATAN,800000000.0
4,2,90.0,120.0,0,1,0,MERUYA SELATAN,KEMBANGAN,JAKARTA BARAT,2999000000.0
4,2,120.0,90.0,0,1,0,RAWAMANGUN,PULO GADUNG,JAKARTA TIMUR,2500000000.0
4,3,185.0,153.0,0,1,0,PESANGGRAHAN,PESANGGRAHAN,JAKARTA SELATAN,2850000000.0
3,3,200.0,266.0,2,1,0,CIPINANG,PULO GADUNG,JAKARTA TIMUR,5900000000.0
3,2,120.0,86.0,0,1,0,PINANG RANTI,MAKASAR,JAKARTA TIMUR,1300000000.0
3,3,125.0,61.0,0,1,0,PESANGGRAHAN,PESANGGRAHAN,JAKARTA SELATAN,1750000000.0
4,3,337.0,326.0,0,1,0,TEBET BARAT,TEBET,JAKARTA SELATAN,5700000000.0
3,3,115.0,45.0,0,1,0,PESANGGRAHAN,PESANGGRAHAN,JAKARTA SELATAN,1500000000.0
4,4,150.0,99.0,0,1,0,BENDUNGAN HILIR,TANAH ABANG,JAKARTA PUSAT,3400000000.0
3,3,120.0,63.0,0,1,0,JAGAKARSA,JAGAKARSA,JAKARTA SELATAN,1350000000.0
5,4,200.0,224.0,0,1,0,PENGGILINGAN,CAKUNG,JAKARTA TIMUR,2550000000.0
3,2,55.0,65.0,0,1,0,PALMERAH,PALMERAH,JAKARTA BARAT,610000000.0
3,2,180.0,200.0,0,1,0,DUREN SAWIT,DUREN SAWIT,JAKARTA TIMUR,1400000000.0
2,2,38.0,29.0,0,1,0,CIRACAS,CIRACAS,JAKARTA TIMUR,578400000.0
2,1,50.0,66.0,0,1,0,BAMBU APUS,CIPAYUNG,JAKARTA TIMUR,900000000.0
4,4,84.0,140.0,0,1,0,JAGAKARSA,JAGAKARSA,JAKARTA SELATAN,1975000000.0
6,6,384.0,317.0,0,1,0,KEMAYORAN,KEMAYORAN,JAKARTA PUSAT,7500000000.0
3,3,130.0,68.0,0,1,0,JAGAKARSA,JAGAKARSA,JAKARTA SELATAN,1550000000.0
2,1,50.0,93.0,0,1,0,CIPAYUNG,CIPAYUNG,JAKARTA TIMUR,1100000000.0
5,3,132.0,132.0,0,1,0,TANJUNG PRIOK,TANJUNG PRIOK,JAKARTA UTARA,4000000000.0
5,4,288.0,160.0,0,1,0,PLUIT,PENJARINGAN,JAKARTA UTARA,4700000000.0
5,5,167.0,120.0,0,1,0,RAWAMANGUN,PULO GADUNG,JAKARTA TIMUR,3950000000.0
4,3,200.0,200.0,0,1,0,ULUJAMI,PESANGGRAHAN,JAKARTA SELATAN,2500000000.0
3,4,200.0,266.0,2,1,0,CIPINANG,PULO GADUNG,JAKARTA TIMUR,6000000000.0
5,4,194.0,144.0,0,1,0,SLIPI,PALMERAH,JAKARTA BARAT,4000000000.0
4,2,160.0,185.0,0,1,0,CIBUBUR,CIRACAS,JAKARTA TIMUR,2100000000.0
4,2,140.0,103.0,0,1,0,PANCORAN,PANCORAN,JAKARTA SELATAN,3350000000.0
5,4,220.0,101.0,0,1,0,JATI PADANG,PASAR MINGGU,JAKARTA SELATAN,3600000000.0
3,2,65.0,55.0,0,1,0,CIRACAS,CIRACAS,JAKARTA TIMUR,800000000.0
2,2,45.0,40.0,0,1,0,TANJUNG BARAT,JAGAKARSA,JAKARTA SELATAN,1300000000.0
2,2,60.0,30.0,0,1,0,JAGAKARSA,JAGAKARSA,JAKARTA SELATAN,560000000.0
3,3,100.0,79.0,0,1,0,PANCORAN,PANCORAN,JAKARTA SELATAN,2200000000.0
2,1,30.0,50.0,0,1,0,PEGANGSAAN DUA,KELAPA GADING,JAKARTA UTARA,225000000.0
2,2,144.0,147.0,0,1,0,KALIDERES,KALI DERES,JAKARTA BARAT,1700000000.0
3,2,98.0,60.0,0,1,0,CIRACAS,CIRACAS,JAKARTA TIMUR,1050000000.0
1,1,120.0,60.0,0,1,0,TANJUNG PRIOK,TANJUNG PRIOK,JAKARTA UTARA,1900000000.0
2,2,70.0,90.0,0,1,0,TANJUNG PRIOK,TANJUNG PRIOK,JAKARTA UTARA,1500000000.0
5,2,90.0,67.0,0,1,0,TANJUNG PRIOK,TANJUNG PRIOK,JAKARTA UTARA,1900000000.0
4,3,180.0,135.0,0,1,0,RAWAMANGUN,PULO GADUNG,JAKARTA TIMUR,2800000000.0
2,2,45.0,60.0,0,1,0,CIPAYUNG,CIPAYUNG,JAKARTA TIMUR,650000000.0
5,4,157.0,466.0,0,1,0,UTAN KAYU SELATAN,MATRAMAN,JAKARTA TIMUR,6250000000.0
5,5,256.0,155.0,1,1,0,MENTENG,MENTENG,JAKARTA PUSAT,7900000000.0
3,2,133.0,139.0,0,1,0,KOJA,KOJA,JAKARTA UTARA,1400000000.0
5,3,280.0,143.0,0,1,0,JAGAKARSA,JAGAKARSA,JAKARTA SELATAN,1700000000.0
3,2,120.0,72.0,0,1,0,TANJUNG PRIOK,TANJUNG PRIOK,JAKARTA UTARA,3500000000.0
5,6,250.0,162.0,0,1,0,JAGAKARSA,JAGAKARSA,JAKARTA SELATAN,3500000000.0
7,4,200.0,348.0,0,1,0,GROGOL,GROGOL PETAMBURAN,JAKARTA BARAT,12000000000.0
3,2,200.0,267.0,0,1,0,TOMANG,GROGOL PETAMBURAN,JAKARTA BARAT,6000000000.0
5,4,144.0,200.0,0,1,0,JOGLO,KEMBANGAN,JAKARTA BARAT,2260000000.0
3,2,120.0,90.0,0,1,0,TANJUNG PRIOK,TANJUNG PRIOK,JAKARTA UTARA,2400000000.0
3,3,177.0,52.0,2,1,0,MAMPANG PRAPATAN,MAMPANG PRAPATAN,JAKARTA SELATAN,3500000000.0
3,2,143.0,152.0,0,1,0,CIRACAS,CIRACAS,JAKARTA TIMUR,1700000000.0
3,2,120.0,89.0,0,1,0,JOHAR BARU,JOHAR BARU,JAKARTA PUSAT,1400000000.0
4,3,250.0,180.0,0,1,0,KEBON JERUK,KEBON JERUK,JAKARTA BARAT,3100000000.0
3,3,67.0,125.0,0,1,0,JAGAKARSA,JAGAKARSA,JAKARTA SELATAN,1675000000.0
2,2,70.0,70.0,0,1,0,KLENDER,DUREN SAWIT,JAKARTA TIMUR,925000000.0
5,3,108.0,67.0,0,1,0,DUREN SAWIT,DUREN SAWIT,JAKARTA TIMUR,1200000000.0
3,3,251.0,254.0,0,1,0,PESANGGRAHAN,PESANGGRAHAN,JAKARTA SELATAN,3500000000.0
4,3,85.0,85.0,0,1,0,TOMANG,GROGOL PETAMBURAN,JAKARTA BARAT,2950000000.0
4,4,95.0,80.0,0,1,0,CIPAYUNG,CIPAYUNG,JAKARTA TIMUR,1450000000.0
4,4,140.0,110.0,0,1,0,JAGAKARSA,JAGAKARSA,JAKARTA SELATAN,1650000000.0
6,5,146.0,260.0,0,1,0,RAWAMANGUN,PULO GADUNG,JAKARTA TIMUR,3000000000.0
5,4,172.0,153.0,0,1,0,KEMANGGISAN,PALMERAH,JAKARTA BARAT,2300000000.0
3,1,116.0,58.0,0,1,0,JOHAR BARU,JOHAR BARU,JAKARTA PUSAT,1900000000.0
3,3,75.0,100.0,0,1,0,KEBAGUSAN,PASAR MINGGU,JAKARTA SELATAN,2300000000.0
3,1,85.0,65.0,0,1,0,RAWAMANGUN,PULO GADUNG,JAKARTA TIMUR,500000000.0
6,5,500.0,440.0,0,1,0,KEBON JERUK,KEBON JERUK,JAKARTA BARAT,6500000000.0
3,3,156.0,90.0,2,1,0,DUKUH,KRAMAT JATI,JAKARTA TIMUR,2950000000.0
4,3,150.0,60.0,0,1,0,KEMAYORAN,KEMAYORAN,JAKARTA PUSAT,1499000000.0
4,3,500.0,300.0,0,1,0,CIPAYUNG,CIPAYUNG,JAKARTA TIMUR,2700000000.0
4,3,276.0,106.0,0,1,0,PENJARINGAN,PENJARINGAN,JAKARTA UTARA,1000000000.0
4,4,200.0,121.0,0,1,0,JAGAKARSA,JAGAKARSA,JAKARTA SELATAN,3450000000.0
2,1,40.0,42.0,0,1,0,CIPAYUNG,CIPAYUNG,JAKARTA TIMUR,300000000.0
3,3,90.0,68.0,0,1,0,JAGAKARSA,JAGAKARSA,JAKARTA SELATAN,1150000000.0
4,1,120.0,240.0,0,1,0,PULO GADUNG,PULO GADUNG,JAKARTA TIMUR,2650000000.0
6,5,112.0,136.0,0,1,0,TANJUNG PRIOK,TANJUNG PRIOK,JAKARTA UTARA,4000000000.0
2,1,60.0,82.0,0,1,0,TEBET BARAT,TEBET,JAKARTA SELATAN,1650000000.0
2,1,45.0,60.0,0,1,0,MUNJUL,CIPAYUNG,JAKARTA TIMUR,650000000.0
4,4,230.0,126.0,0,1,0,JATI PADANG,PASAR MINGGU,JAKARTA SELATAN,4200000000.0
5,6,250.0,220.0,0,1,0,JATINEGARA,CAKUNG,JAKARTA TIMUR,5500000000.0
5,4,220.0,126.0,0,1,0,PULO GADUNG,PULO GADUNG,JAKARTA TIMUR,3700000000.0
3,1,55.0,75.0,0,1,0,PETUKANGAN UTARA,PESANGGRAHAN,JAKARTA SELATAN,850000000.0
4,2,300.0,167.0,0,1,0,PULO GADUNG,PULO GADUNG,JAKARTA TIMUR,3500000000.0
4,4,147.0,111.0,0,1,0,JATINEGARA,CAKUNG,JAKARTA TIMUR,1300000000.0
6,4,202.0,481.0,0,1,0,DUREN SAWIT,DUREN SAWIT,JAKARTA TIMUR,8000000000.0
2,1,50.0,69.0,0,1,0,CILANGKAP,CIPAYUNG,JAKARTA TIMUR,1040000000.0
8,4,200.0,364.0,0,1,0,DUREN SAWIT,DUREN SAWIT,JAKARTA TIMUR,4725000000.0
5,7,270.0,142.0,2,1,0,RAWAMANGUN,PULO GADUNG,JAKARTA TIMUR,3700000000.0
3,2,176.0,256.0,0,1,0,KEMANGGISAN,PALMERAH,JAKARTA BARAT,5500000000.0
3,3,350.0,197.0,0,1,0,PASAR MINGGU,PASAR MINGGU,JAKARTA SELATAN,5250000000.0
6,5,435.0,392.0,0,1,0,LEBAK BULUS,CILANDAK,JAKARTA SELATAN,12500000000.0
5,2,200.0,90.0,0,1,0,TANJUNG PRIOK,TANJUNG PRIOK,JAKARTA UTARA,1750000000.0
4,3,140.0,112.0,0,1,0,DUREN SAWIT,DUREN SAWIT,JAKARTA TIMUR,3000000000.0
5,7,142.0,142.0,0,1,0,PULO GADUNG,PULO GADUNG,JAKARTA TIMUR,4100000000.0
3,3,130.0,70.0,0,1,0,JAGAKARSA,JAGAKARSA,JAKARTA SELATAN,1800000000.0
5,3,380.0,200.0,0,1,0,PONDOK KOPI,DUREN SAWIT,JAKARTA TIMUR,4000000000.0
3,2,77.0,63.0,0,1,0,PONDOK KELAPA,DUREN SAWIT,JAKARTA TIMUR,1500000000.0
5,4,300.0,320.0,0,1,0,PESANGGRAHAN,PESANGGRAHAN,JAKARTA SELATAN,7800000000.0
4,4,120.0,60.0,0,1,0,JAGAKARSA,JAGAKARSA,JAKARTA SELATAN,1700000000.0
5,5,345.0,170.0,0,1,0,DUREN SAWIT,DUREN SAWIT,JAKARTA TIMUR,5200000000.0
3,2,70.0,45.0,0,1,0,CIRACAS,CIRACAS,JAKARTA TIMUR,775000000.0
5,4,275.0,231.0,0,1,0,KRAMAT JATI,KRAMAT JATI,JAKARTA TIMUR,6000000000.0
4,4,155.0,105.0,0,1,0,PULO GADUNG,PULO GADUNG,JAKARTA TIMUR,3500000000.0
3,2,75.0,70.0,0,1,0,CIPAYUNG,CIPAYUNG,JAKARTA TIMUR,1100000000.0
5,4,150.0,90.0,0,1,0,CIBUBUR,CIRACAS,JAKARTA TIMUR,2356000000.0
4,4,215.0,145.0,0,1,0,JAGAKARSA,JAGAKARSA,JAKARTA SELATAN,3700000000.0
5,5,400.0,164.0,0,1,0,DUREN SAWIT,DUREN SAWIT,JAKARTA TIMUR,6000000000.0
5,5,136.0,136.0,0,1,0,PULO GADUNG,PULO GADUNG,JAKARTA TIMUR,2800000000.0
5,2,160.0,72.0,0,1,0,JELAMBAR,GROGOL PETAMBURAN,JAKARTA BARAT,1800000000.0
3,3,120.0,40.0,0,1,0,DUREN SAWIT,DUREN SAWIT,JAKARTA TIMUR,1250000000.0
3,2,77.0,63.0,0,1,0,PONDOK KELAPA,DUREN SAWIT,JAKARTA TIMUR,1616000000.0
5,5,211.0,76.0,0,1,0,MENTENG,MENTENG,JAKARTA PUSAT,2700000000.0
5,4,200.0,123.0,0,1,0,KEBAGUSAN,PASAR MINGGU,JAKARTA SELATAN,2985000000.0
2,2,55.0,40.0,0,1,0,CIJANTUNG,PASAR REBO,JAKARTA TIMUR,700000000.0
2,1,50.0,61.0,1,1,0,JAGAKARSA,JAGAKARSA,JAKARTA SELATAN,770000000.0
6,4,228.0,192.0,0,1,0,DUREN SAWIT,DUREN SAWIT,JAKARTA TIMUR,4000000000.0
7,4,350.0,485.0,0,1,0,PESANGGRAHAN,PESANGGRAHAN,JAKARTA SELATAN,8500000000.0
4,4,280.0,230.0,0,1,0,JAGAKARSA,JAGAKARSA,JAKARTA SELATAN,4950000000.0
3,3,120.0,68.0,0,1,0,JAGAKARSA,JAGAKARSA,JAKARTA SELATAN,1500000000.0
3,2,120.0,100.0,1,1,0,MAMPANG PRAPATAN,MAMPANG PRAPATAN,JAKARTA SELATAN,1950000000.0
4,4,277.0,250.0,0,1,0,TANJUNG PRIOK,TANJUNG PRIOK,JAKARTA UTARA,10000000000.0
3,3,150.0,90.0,0,1,0,TANJUNG PRIOK,TANJUNG PRIOK,JAKARTA UTARA,2500000000.0
3,3,120.0,63.0,2,1,0,JAGAKARSA,JAGAKARSA,JAKARTA SELATAN,1400000000.0
4,3,150.0,98.0,0,1,0,TAMBORA,TAMBORA,JAKARTA BARAT,1200000000.0
2,2,84.0,93.0,0,1,0,KUNINGAN BARAT,MAMPANG PRAPATAN,JAKARTA SELATAN,1700000000.0
3,2,136.0,120.0,0,1,0,KALIDERES,KALI DERES,JAKARTA BARAT,2675000000.0
5,5,350.0,260.0,0,1,0,JOGLO,KEMBANGAN,JAKARTA BARAT,5300000000.0
3,2,110.0,135.0,2,1,0,BINTARO,PESANGGRAHAN,JAKARTA SELATAN,2490000000.0
4,4,165.0,65.0,2,1,0,MAMPANG PRAPATAN,MAMPANG PRAPATAN,JAKARTA SELATAN,3900000000.0
2,2,87.0,87.0,0,1,0,JAGAKARSA,JAGAKARSA,JAKARTA SELATAN,1150000000.0
4,3,110.0,71.0,0,1,0,PESANGGRAHAN,PESANGGRAHAN,JAKARTA SELATAN,1650000000.0
3,2,292.0,146.0,0,1,0,CIPAYUNG,CIPAYUNG,JAKARTA TIMUR,4000000000.0
7,3,225.0,160.0,0,1,0,ANCOL,PADEMANGAN,JAKARTA UTARA,5500000000.0
4,3,350.0,280.0,0,1,0,PONDOK KELAPA,DUREN SAWIT,JAKARTA TIMUR,12000000000.0
6,1,150.0,75.0,1,1,0,KEMAYORAN,KEMAYORAN,JAKARTA PUSAT,1200000000.0
3,3,150.0,105.0,0,1,0,JOHAR BARU,JOHAR BARU,JAKARTA PUSAT,1500000000.0
5,6,435.0,435.0,0,1,0,KOJA,KOJA,JAKARTA UTARA,6900000000.0
3,3,56.0,56.0,0,1,0,KRENDANG,TAMBORA,JAKARTA BARAT,1400000000.0
3,2,90.0,94.0,0,1,0,JAGAKARSA,JAGAKARSA,JAKARTA SELATAN,1900000000.0
2,1,100.0,67.5,0,1,0,SUNTER AGUNG,TANJUNG PRIOK,JAKARTA UTARA,1350000000.0
2,2,132.0,172.0,0,1,0,CIBUBUR,CIRACAS,JAKARTA TIMUR,2100000000.0
2,1,80.0,60.0,0,1,0,PEGADUNGAN,KALI DERES,JAKARTA BARAT,1200000000.0
5,4,300.0,127.0,2,1,0,JAGAKARSA,JAGAKARSA,JAKARTA SELATAN,4700000000.0
2,2,132.0,99.0,0,1,0,PANCORAN,PANCORAN,JAKARTA SELATAN,2675400000.0
2,1,100.0,100.0,0,1,0,PALMERAH,PALMERAH,JAKARTA BARAT,5500000000.0
7,4,300.0,220.0,0,1,0,SUNTER JAYA,TANJUNG PRIOK,JAKARTA UTARA,6800000000.0
4,3,270.0,504.0,0,1,0,PEJATEN BARAT,PASAR MINGGU,JAKARTA SELATAN,10200000000.0
5,5,500.0,300.0,0,1,0,PEJATEN BARAT,PASAR MINGGU,JAKARTA SELATAN,5500000000.0
2,1,45.0,60.0,0,1,0,CIPAYUNG,CIPAYUNG,JAKARTA TIMUR,650000000.0
2,2,56.0,44.0,0,1,0,CIJANTUNG,PASAR REBO,JAKARTA TIMUR,739000000.0
2,2,40.0,45.0,0,1,0,TANJUNG BARAT,JAGAKARSA,JAKARTA SELATAN,1599000000.0
2,2,48.0,24.0,0,1,0,BATU AMPAR,KRAMAT JATI,JAKARTA TIMUR,370000000.0
4,3,120.0,131.0,0,1,0,MAMPANG PRAPATAN,MAMPANG PRAPATAN,JAKARTA SELATAN,3000000000.0
5,4,350.0,200.0,0,1,0,CIDENG,GAMBIR,JAKARTA PUSAT,7800000000.0
4,4,500.0,300.0,0,1,0,PASAR MINGGU,PASAR MINGGU,JAKARTA SELATAN,8500000000.0
6,3,300.0,300.0,0,1,0,CIBUBUR,CIRACAS,JAKARTA TIMUR,5500000000.0
4,3,170.0,94.0,0,1,0,RAWAMANGUN,PULO GADUNG,JAKARTA TIMUR,2000000000.0
4,4,320.0,217.0,0,1,0,KALIBATA,PANCORAN,JAKARTA SELATAN,4250000000.0
1,1,120.0,240.0,1,1,0,TANJUNG PRIOK,TANJUNG PRIOK,JAKARTA UTARA,4000000000.0
2,2,53.0,65.0,0,1,0,SEMANAN,KALI DERES,JAKARTA BARAT,1600000000.0
4,3,430.0,350.0,0,1,0,TOMANG,GROGOL PETAMBURAN,JAKARTA BARAT,10500000000.0
2,2,80.0,45.0,0,1,0,CIPINANG MUARA,JATINEGARA,JAKARTA TIMUR,750000000.0
4,3,180.0,174.0,0,1,0,CIPINANG,PULO GADUNG,JAKARTA TIMUR,2000000000.0
2,2,100.0,136.0,0,1,0,MENTENG,MENTENG,JAKARTA PUSAT,2500000000.0
3,2,90.0,69.0,0,1,0,CIJANTUNG,PASAR REBO,JAKARTA TIMUR,1175000000.0
3,2,100.0,64.0,1,1,0,DURI KOSAMBI,CENGKARENG,JAKARTA BARAT,1750000000.0
3,2,150.0,205.0,0,1,0,CILILITAN,KRAMAT JATI,JAKARTA TIMUR,3000000000.0
1,1,200.0,200.0,0,1,0,DUREN SAWIT,DUREN SAWIT,JAKARTA TIMUR,2800000000.0
3,2,141.0,301.0,0,1,0,KEBON JERUK,KEBON JERUK,JAKARTA BARAT,7000000000.0
5,3,148.0,112.0,0,1,0,LENTENG AGUNG,JAGAKARSA,JAKARTA SELATAN,1300000000.0
4,4,325.0,212.0,2,1,0,TANAH TINGGI,JOHAR BARU,JAKARTA PUSAT,5000000000.0
4,4,250.0,174.0,0,1,0,JAGAKARSA,JAGAKARSA,JAKARTA SELATAN,3700000000.0
7,5,526.0,400.0,0,1,0,PESANGGRAHAN,PESANGGRAHAN,JAKARTA SELATAN,9000000000.0
3,2,60.0,90.0,2,1,0,CIPAYUNG,CIPAYUNG,JAKARTA TIMUR,600000000.0
3,2,70.0,78.0,0,1,0,MALAKA JAYA,DUREN SAWIT,JAKARTA TIMUR,1000000000.0
3,3,115.0,98.0,1,1,0,CAKUNG TIMUR,CAKUNG,JAKARTA TIMUR,2950000000.0
2,2,68.0,68.0,0,1,0,PONDOK PINANG,KEBAYORAN LAMA,JAKARTA SELATAN,2000000000.0
2,2,29.0,29.0,1,1,0,CIRACAS,CIRACAS,JAKARTA TIMUR,500000000.0
3,2,96.0,96.0,0,1,0,CAKUNG TIMUR,CAKUNG,JAKARTA TIMUR,2800000000.0
3,3,75.0,126.0,0,1,0,CAKUNG TIMUR,CAKUNG,JAKARTA TIMUR,2900000000.0
3,3,100.0,45.0,1,1,0,PESANGGRAHAN,PESANGGRAHAN,JAKARTA SELATAN,1500000000.0
5,4,200.0,131.0,0,1,0,KEBON JERUK,KEBON JERUK,JAKARTA BARAT,3200000000.0
3,3,63.0,90.0,1,1,0,CAKUNG TIMUR,CAKUNG,JAKARTA TIMUR,1750000000.0
4,4,240.0,100.0,0,1,0,KEBAGUSAN,PASAR MINGGU,JAKARTA SELATAN,2750000000.0
4,2,195.0,170.0,0,1,0,BENDUNGAN HILIR,TANAH ABANG,JAKARTA PUSAT,5900000000.0
5,4,200.0,134.0,0,1,0,RAGUNAN,PASAR MINGGU,JAKARTA SELATAN,3000000000.0
3,4,120.0,110.0,1,1,0,JAGAKARSA,JAGAKARSA,JAKARTA SELATAN,1800000000.0
3,3,170.0,200.0,0,1,0,BINTARO,PESANGGRAHAN,JAKARTA SELATAN,4500000000.0
5,4,200.0,134.0,0,1,0,RAGUNAN,PASAR MINGGU,JAKARTA SELATAN,3000000000.0
4,4,300.0,275.0,0,1,0,PEGANGSAAN,MENTENG,JAKARTA PUSAT,9000000000.0
5,4,180.0,144.0,1,1,0,KALIDERES,KALI DERES,JAKARTA BARAT,3139440000.0
3,2,80.0,67.0,0,1,0,CIRACAS,CIRACAS,JAKARTA TIMUR,1200000000.0
3,2,65.0,78.0,1,1,0,KLENDER,DUREN SAWIT,JAKARTA TIMUR,980000000.0
4,3,300.0,201.0,0,1,0,BENDUNGAN HILIR,TANAH ABANG,JAKARTA PUSAT,9300000000.0
4,4,200.0,125.0,0,1,0,JOGLO,KEMBANGAN,JAKARTA BARAT,3700000000.0
5,3,150.0,200.0,0,1,0,PESANGGRAHAN,PESANGGRAHAN,JAKARTA SELATAN,2300000000.0
2,1,36.0,45.0,0,1,0,MUNJUL,CIPAYUNG,JAKARTA TIMUR,350000000.0
5,4,157.0,329.0,0,1,0,JOGLO,KEMBANGAN,JAKARTA BARAT,2800000000.0
2,1,100.0,136.0,1,1,0,LEBAK BULUS,CILANDAK,JAKARTA SELATAN,6500000000.0
4,3,150.0,84.0,0,1,0,CIRACAS,CIRACAS,JAKARTA TIMUR,1350000000.0
3,3,162.0,90.0,0,1,0,TAMAN SARI,TAMAN SARI,JAKARTA BARAT,2250000000.0
4,3,188.0,132.0,0,1,0,SRENGSENG,KEMBANGAN,JAKARTA BARAT,2200000000.0
4,4,200.0,86.0,0,1,0,JAGAKARSA,JAGAKARSA,JAKARTA SELATAN,2500000000.0
3,3,180.0,136.0,0,1,0,KEMANGGISAN,PALMERAH,JAKARTA BARAT,3700000000.0
3,3,162.0,90.0,0,1,0,TAMAN SARI,TAMAN SARI,JAKARTA BARAT,2250000000.0
5,4,280.0,180.0,0,1,0,PESANGGRAHAN,PESANGGRAHAN,JAKARTA SELATAN,7200000000.0
3,3,148.0,72.0,0,1,0,LEBAK BULUS,CILANDAK,JAKARTA SELATAN,3192311409.0
4,4,180.0,288.0,0,1,0,DUREN SAWIT,DUREN SAWIT,JAKARTA TIMUR,2600000000.0
1,1,48.0,78.0,0,1,0,DUREN SAWIT,DUREN SAWIT,JAKARTA TIMUR,650000000.0
3,3,120.0,68.0,0,1,0,JAGAKARSA,JAGAKARSA,JAKARTA SELATAN,1675000000.0
3,2,70.0,43.0,0,1,0,LENTENG AGUNG,JAGAKARSA,JAKARTA SELATAN,650000000.0
3,2,110.0,86.0,0,1,0,LUBANG BUAYA,CIPAYUNG,JAKARTA TIMUR,1450000000.0
5,4,300.0,200.0,0,1,0,BINTARO,PESANGGRAHAN,JAKARTA SELATAN,3500000000.0
2,1,30.0,42.0,0,1,0,LUBANG BUAYA,CIPAYUNG,JAKARTA TIMUR,498000000.0
3,1,120.0,362.0,1,1,0,MAMPANG PRAPATAN,MAMPANG PRAPATAN,JAKARTA SELATAN,6500000000.0
2,2,30.0,29.0,0,1,0,CIBUBUR,CIRACAS,JAKARTA TIMUR,500000000.0
2,2,38.0,29.0,0,1,0,CIRACAS,CIRACAS,JAKARTA TIMUR,500000000.0
4,4,160.0,107.0,0,1,0,KEBAGUSAN,PASAR MINGGU,JAKARTA SELATAN,2600000000.0
4,2,90.0,70.0,0,1,0,KALISARI,PASAR REBO,JAKARTA TIMUR,1350000000.0
3,1,110.0,100.0,0,1,0,PONDOK BAMBU,DUREN SAWIT,JAKARTA TIMUR,1350000000.0
4,5,250.0,162.0,0,1,0,JAGAKARSA,JAGAKARSA,JAKARTA SELATAN,3600000000.0
2,3,80.0,35.0,0,1,0,SRENGSENG,KEMBANGAN,JAKARTA BARAT,650000000.0
3,2,70.0,132.0,0,1,0,JAGAKARSA,JAGAKARSA,JAKARTA SELATAN,1650000000.0
4,4,120.0,125.0,0,1,0,CIPAYUNG,CIPAYUNG,JAKARTA TIMUR,1730000000.0
3,2,90.0,90.0,0,1,0,KALIDERES,KALI DERES,JAKARTA BARAT,1800000000.0
2,1,55.0,72.0,0,1,0,SEMANAN,KALI DERES,JAKARTA BARAT,740000000.0
5,5,550.0,436.0,2,1,0,JATI PADANG,PASAR MINGGU,JAKARTA SELATAN,6500000000.0
2,2,80.0,41.0,0,1,0,JOGLO,KEMBANGAN,JAKARTA BARAT,525000000.0
5,4,324.0,270.0,2,1,0,KAPUK MUARA,PENJARINGAN,JAKARTA UTARA,10000000000.0
2,1,80.0,41.0,0,1,0,JAGAKARSA,JAGAKARSA,JAKARTA SELATAN,960000000.0
4,4,120.0,123.0,2,1,0,PONDOK PINANG,KEBAYORAN LAMA,JAKARTA SELATAN,3350000000.0
5,4,198.0,208.0,0,1,0,CIJANTUNG,PASAR REBO,JAKARTA TIMUR,3499000000.0
4,4,100.0,58.5,0,1,0,DURI KEPA,KEBON JERUK,JAKARTA BARAT,1800000000.0
2,1,63.0,81.0,0,1,0,LUBANG BUAYA,CIPAYUNG,JAKARTA TIMUR,850000000.0
3,2,110.0,78.0,0,1,0,LUBANG BUAYA,CIPAYUNG,JAKARTA TIMUR,1100000000.0
2,1,65.0,87.0,0,1,0,CILANGKAP,CIPAYUNG,JAKARTA TIMUR,775000000.0
5,4,325.0,189.0,0,1,0,PETUKANGAN SELATAN,PESANGGRAHAN,JAKARTA SELATAN,2750000000.0
3,2,80.0,75.0,0,1,0,PESANGGRAHAN,PESANGGRAHAN,JAKARTA SELATAN,1400000000.0
4,3,265.0,150.0,0,1,0,ROROTAN,CILINCING,JAKARTA UTARA,1675000000.0
2,1,49.0,49.0,0,1,0,JAGAKARSA,JAGAKARSA,JAKARTA SELATAN,350000000.0
4,3,170.0,180.0,0,1,0,PANCORAN,PANCORAN,JAKARTA SELATAN,2050000000.0
4,4,250.0,120.0,0,1,0,KEBAGUSAN,PASAR MINGGU,JAKARTA SELATAN,4350000000.0
3,3,72.0,55.0,1,1,0,CIRACAS,CIRACAS,JAKARTA TIMUR,866000000.0
5,3,150.0,279.0,1,1,0,RAWAMANGUN,PULO GADUNG,JAKARTA TIMUR,13500000000.0
4,3,133.0,133.0,0,1,0,JOGLO,KEMBANGAN,JAKARTA BARAT,700000000.0
5,4,500.0,300.0,0,1,0,PULO GEBANG,CAKUNG,JAKARTA TIMUR,6300000000.0
4,3,133.0,130.0,0,1,0,TEBET BARAT,TEBET,JAKARTA SELATAN,2350000000.0
3,2,146.0,106.0,0,1,0,PONDOK KELAPA,DUREN SAWIT,JAKARTA TIMUR,2690000000.0
4,2,200.0,513.0,0,1,0,PONDOK KELAPA,DUREN SAWIT,JAKARTA TIMUR,6700000000.0
4,4,200.0,342.0,0,1,0,CIPINANG MELAYU,MAKASAR,JAKARTA TIMUR,1800000000.0
3,3,130.0,120.0,0,1,0,MERUYA UTARA,KEMBANGAN,JAKARTA BARAT,2650000000.0
4,4,200.0,175.0,0,1,0,PONDOK KELAPA,DUREN SAWIT,JAKARTA TIMUR,3500000000.0
5,5,180.0,124.0,0,1,0,PASAR MINGGU,PASAR MINGGU,JAKARTA SELATAN,2900000000.0
3,3,120.0,140.0,0,1,0,PETUKANGAN UTARA,PESANGGRAHAN,JAKARTA SELATAN,1950000000.0
3,3,123.0,90.0,0,1,0,DUREN SAWIT,DUREN SAWIT,JAKARTA TIMUR,4000000000.0
5,5,255.0,105.0,0,1,0,JOGLO,KEMBANGAN,JAKARTA BARAT,12700000000.0
5,5,180.0,124.0,2,1,0,PASAR MINGGU,PASAR MINGGU,JAKARTA SELATAN,2900000000.0
4,3,450.0,325.0,0,1,0,BENDUNGAN HILIR,TANAH ABANG,JAKARTA PUSAT,13000000000.0
6,6,177.0,113.0,0,1,0,KOJA,KOJA,JAKARTA UTARA,3475000000.0
1,1,100.0,140.0,0,1,0,PONDOK KOPI,DUREN SAWIT,JAKARTA TIMUR,2200000000.0
2,2,38.0,32.0,1,1,0,HALIM PERDANA KUSUMAH,MAKASAR,JAKARTA TIMUR,706000000.0
3,2,120.0,160.0,0,1,0,PETUKANGAN SELATAN,PESANGGRAHAN,JAKARTA SELATAN,2200000000.0
2,2,265.0,224.0,0,1,0,PEGADUNGAN,KALI DERES,JAKARTA BARAT,3300000000.0
3,2,81.0,60.0,2,1,0,CIBUBUR,CIRACAS,JAKARTA TIMUR,900000000.0
3,2,84.0,61.0,0,1,0,CIBUBUR,CIRACAS,JAKARTA TIMUR,917000000.0
5,3,168.0,112.0,1,1,0,KALIDERES,KALI DERES,JAKARTA BARAT,1350000000.0
3,5,250.0,450.0,0,1,0,PETUKANGAN SELATAN,PESANGGRAHAN,JAKARTA SELATAN,3750000000.0
3,3,109.0,78.0,0,1,0,MUNJUL,CIPAYUNG,JAKARTA TIMUR,1200000000.0
4,4,160.0,102.0,0,1,0,JAGAKARSA,JAGAKARSA,JAKARTA SELATAN,2450000000.0
2,1,54.0,45.0,0,1,0,CILINCING,CILINCING,JAKARTA UTARA,900000000.0
5,2,85.0,57.0,0,1,0,KEBON JERUK,KEBON JERUK,JAKARTA BARAT,700000000.0
8,7,400.0,272.0,0,1,0,CILANDAK BARAT,CILANDAK,JAKARTA SELATAN,6000000000.0
3,3,103.0,53.0,0,1,0,PISANGAN BARU,MATRAMAN,JAKARTA TIMUR,1655500000.0
5,5,180.0,124.0,0,1,0,PASAR MINGGU,PASAR MINGGU,JAKARTA SELATAN,2900000000.0
4,2,98.0,98.0,0,1,0,KEBAGUSAN,PASAR MINGGU,JAKARTA SELATAN,1300000000.0
5,5,500.0,300.0,2,1,0,PASAR MINGGU,PASAR MINGGU,JAKARTA SELATAN,5500000000.0
2,2,30.0,29.0,0,1,0,CIRACAS,CIRACAS,JAKARTA TIMUR,500000000.0
3,2,178.0,128.0,0,1,0,CIPAYUNG,CIPAYUNG,JAKARTA TIMUR,1193200000.0
3,2,98.0,60.0,0,1,0,CIRACAS,CIRACAS,JAKARTA TIMUR,1000000000.0
3,3,123.0,90.0,0,1,0,DUREN SAWIT,DUREN SAWIT,JAKARTA TIMUR,4000000000.0
4,2,180.0,98.0,0,1,0,KAYU PUTIH,PULO GADUNG,JAKARTA TIMUR,2300000000.0
4,3,195.0,212.0,2,1,0,PESANGGRAHAN,PESANGGRAHAN,JAKARTA SELATAN,4500000000.0
2,1,45.0,70.0,0,1,0,PONDOK RANGGON,CIPAYUNG,JAKARTA TIMUR,650000000.0
3,2,66.0,75.0,0,1,0,CIPAYUNG,CIPAYUNG,JAKARTA TIMUR,1499000000.0
4,4,193.0,105.0,0,1,0,DUREN SAWIT,DUREN SAWIT,JAKARTA TIMUR,5500000000.0
3,3,140.0,70.0,1,1,0,JAGAKARSA,JAGAKARSA,JAKARTA SELATAN,1400000000.0
5,4,260.0,300.0,0,1,0,SENEN,SENEN,JAKARTA PUSAT,5500000000.0
3,3,120.0,68.0,0,1,0,JAGAKARSA,JAGAKARSA,JAKARTA SELATAN,1675000000.0
2,2,55.0,33.0,0,1,0,KEMAYORAN,KEMAYORAN,JAKARTA PUSAT,850000000.0
5,5,193.0,105.0,0,1,0,DUREN SAWIT,DUREN SAWIT,JAKARTA TIMUR,5500000000.0
3,2,400.0,322.0,0,1,0,CIRACAS,CIRACAS,JAKARTA TIMUR,3970000000.0
6,3,135.0,135.0,0,1,0,PALMERAH,PALMERAH,JAKARTA BARAT,3000000000.0
5,4,180.0,105.0,0,1,0,PONDOK KELAPA,DUREN SAWIT,JAKARTA TIMUR,2400000000.0
4,3,200.0,122.0,0,1,0,PONDOK KELAPA,DUREN SAWIT,JAKARTA TIMUR,3500000000.0
3,2,120.0,90.0,0,1,0,PONDOK KELAPA,DUREN SAWIT,JAKARTA TIMUR,1900000000.0
6,4,250.0,113.0,0,1,0,CAWANG,KRAMAT JATI,JAKARTA TIMUR,3800000000.0
6,6,274.0,270.0,0,1,0,PENGGILINGAN,CAKUNG,JAKARTA TIMUR,4000000000.0
3,2,100.0,68.0,0,1,0,CIJANTUNG,PASAR REBO,JAKARTA TIMUR,950000000.0
4,4,250.0,197.0,0,1,0,JAGAKARSA,JAGAKARSA,JAKARTA SELATAN,5000000000.0
5,3,170.0,425.0,0,1,0,CIPAYUNG,CIPAYUNG,JAKARTA TIMUR,3200000000.0
4,4,115.0,220.0,2,1,0,PESANGGRAHAN,PESANGGRAHAN,JAKARTA SELATAN,1750000000.0
5,3,250.0,135.0,0,1,0,PULO GADUNG,PULO GADUNG,JAKARTA TIMUR,3800000000.0
2,1,78.0,60.0,0,1,0,KLENDER,DUREN SAWIT,JAKARTA TIMUR,680000000.0
3,2,75.0,76.0,0,1,0,CIJANTUNG,PASAR REBO,JAKARTA TIMUR,1250000000.0
4,2,190.0,256.0,0,1,0,DUREN SAWIT,DUREN SAWIT,JAKARTA TIMUR,2500000000.0
4,4,288.0,80.0,2,1,0,CAKUNG TIMUR,CAKUNG,JAKARTA TIMUR,4100000000.0
6,3,350.0,270.0,0,1,0,PALMERAH,PALMERAH,JAKARTA BARAT,10000000000.0
3,3,100.0,50.0,0,1,0,PINANG RANTI,MAKASAR,JAKARTA TIMUR,500000000.0
2,1,38.0,43.0,0,1,0,LUBANG BUAYA,CIPAYUNG,JAKARTA TIMUR,475500000.0
3,2,108.0,120.0,0,1,0,BINTARO,PESANGGRAHAN,JAKARTA SELATAN,1700000000.0
5,3,128.0,222.0,0,1,0,JELAMBAR BARU,GROGOL PETAMBURAN,JAKARTA BARAT,2500000000.0
3,3,100.0,192.0,0,1,0,PONDOK KELAPA,DUREN SAWIT,JAKARTA TIMUR,3300000000.0
2,1,70.0,78.0,0,1,0,KLENDER,DUREN SAWIT,JAKARTA TIMUR,630000000.0
6,5,420.0,378.0,0,1,0,PESANGGRAHAN,PESANGGRAHAN,JAKARTA SELATAN,5500000000.0
2,1,70.0,72.0,0,1,0,PESANGGRAHAN,PESANGGRAHAN,JAKARTA SELATAN,795000000.0
4,4,120.0,79.0,0,1,0,RAWAMANGUN,PULO GADUNG,JAKARTA TIMUR,2350000000.0
3,2,75.0,51.0,0,1,0,CILANGKAP,CIPAYUNG,JAKARTA TIMUR,900000000.0
2,1,35.0,53.0,0,1,0,CIJANTUNG,PASAR REBO,JAKARTA TIMUR,750000000.0
3,1,70.0,78.0,0,1,0,KLENDER,DUREN SAWIT,JAKARTA TIMUR,710000000.0
3,3,252.0,252.0,0,1,0,CIPINANG MELAYU,MAKASAR,JAKARTA TIMUR,2400000000.0
4,4,180.0,90.0,0,1,0,PONDOK KELAPA,DUREN SAWIT,JAKARTA TIMUR,2700000000.0
3,2,60.0,78.0,0,1,0,PENGGILINGAN,CAKUNG,JAKARTA TIMUR,950000000.0
3,3,300.0,200.0,1,1,0,PENJARINGAN,PENJARINGAN,JAKARTA UTARA,4200000000.0
5,4,218.0,300.0,1,1,0,MERUYA UTARA,KEMBANGAN,JAKARTA BARAT,8000000000.0
2,1,40.0,86.0,0,1,0,MUNJUL,CIPAYUNG,JAKARTA TIMUR,650000000.0
3,2,120.0,90.0,0,1,0,CAWANG,KRAMAT JATI,JAKARTA TIMUR,1750000000.0
5,3,250.0,216.0,0,1,0,DUREN SAWIT,DUREN SAWIT,JAKARTA TIMUR,3500000000.0
4,3,200.0,384.0,0,1,0,RAWAMANGUN,PULO GADUNG,JAKARTA TIMUR,11000000000.0
2,1,168.0,56.0,0,1,0,TAMBORA,TAMBORA,JAKARTA BARAT,1500000000.0
2,1,90.0,90.0,0,1,0,DURI KOSAMBI,CENGKARENG,JAKARTA BARAT,875000000.0
3,3,250.0,126.0,0,1,0,DURI KEPA,KEBON JERUK,JAKARTA BARAT,2600000000.0
4,3,200.0,200.0,0,1,0,BINTARO,PESANGGRAHAN,JAKARTA SELATAN,2850000000.0
3,2,98.0,60.0,0,1,0,CIBUBUR,CIRACAS,JAKARTA TIMUR,1100000000.0
5,2,210.0,150.0,0,1,0,PESANGGRAHAN,PESANGGRAHAN,JAKARTA SELATAN,2800000000.0
2,2,55.0,31.0,0,1,0,UTAN PANJANG,KEMAYORAN,JAKARTA PUSAT,850000000.0
4,3,138.0,105.0,0,1,0,DUREN SAWIT,DUREN SAWIT,JAKARTA TIMUR,4700000000.0
5,4,138.0,105.0,0,1,0,DUREN SAWIT,DUREN SAWIT,JAKARTA TIMUR,4700000000.0
4,4,103.0,78.0,0,1,0,CIPAYUNG,CIPAYUNG,JAKARTA TIMUR,1640000000.0
3,3,120.0,60.0,0,1,0,TANJUNG BARAT,JAGAKARSA,JAKARTA SELATAN,1375000000.0
2,1,55.0,33.0,0,1,0,UTAN PANJANG,KEMAYORAN,JAKARTA PUSAT,850000000.0
3,2,80.0,60.0,0,1,0,PEGADUNGAN,KALI DERES,JAKARTA BARAT,1500000000.0
5,5,300.0,237.0,0,1,0,BINTARO,PESANGGRAHAN,JAKARTA SELATAN,7900000000.0
4,4,170.0,96.0,0,1,0,JAGAKARSA,JAGAKARSA,JAKARTA SELATAN,1850000000.0
5,5,300.0,237.0,0,1,0,BINTARO,PESANGGRAHAN,JAKARTA SELATAN,7900000000.0
5,4,118.0,247.0,0,1,0,PONDOK KELAPA,DUREN SAWIT,JAKARTA TIMUR,1850000000.0
6,3,226.0,204.0,2,1,0,PETOJO UTARA,GAMBIR,JAKARTA PUSAT,6000000000.0
3,2,72.0,90.0,0,1,0,SUNTER AGUNG,TANJUNG PRIOK,JAKARTA UTARA,2600000000.0
4,4,250.0,197.0,0,1,0,JAGAKARSA,JAGAKARSA,JAKARTA SELATAN,5000000000.0
4,2,200.0,170.0,0,1,0,CIPAYUNG,CIPAYUNG,JAKARTA TIMUR,1200000000.0
3,2,250.0,149.0,0,1,0,ROROTAN,CILINCING,JAKARTA UTARA,1550000000.0
4,3,200.0,180.0,0,1,0,PENGGILINGAN,CAKUNG,JAKARTA TIMUR,3500000000.0
3,2,110.0,90.0,0,1,0,PONDOK KELAPA,DUREN SAWIT,JAKARTA TIMUR,1100000000.0
3,1,110.0,75.0,0,1,0,DUREN SAWIT,DUREN SAWIT,JAKARTA TIMUR,1400000000.0
6,3,249.0,132.0,0,1,0,RAWAMANGUN,PULO GADUNG,JAKARTA TIMUR,2470000000.0
2,1,80.0,80.0,0,1,0,JOGLO,KEMBANGAN,JAKARTA BARAT,1100000000.0
3,3,100.0,127.0,2,1,0,DUREN SAWIT,DUREN SAWIT,JAKARTA TIMUR,1500000000.0
6,2,250.0,175.0,0,1,0,JOGLO,KEMBANGAN,JAKARTA BARAT,3200000000.0
3,3,260.0,203.0,1,1,0,KEMAYORAN,KEMAYORAN,JAKARTA PUSAT,4100000000.0
4,4,234.0,68.0,0,1,0,MANGGA BESAR,TAMAN SARI,JAKARTA BARAT,2200000000.0
3,3,135.0,120.0,0,1,0,PESANGGRAHAN,PESANGGRAHAN,JAKARTA SELATAN,1950000000.0
4,3,215.0,144.0,0,1,0,JATI PADANG,PASAR MINGGU,JAKARTA SELATAN,4300000000.0
6,5,550.0,430.0,0,1,0,RAWAMANGUN,PULO GADUNG,JAKARTA TIMUR,5600000000.0
2,2,100.0,60.0,0,1,0,SUKABUMI UTARA,KEBON JERUK,JAKARTA BARAT,900000000.0
3,3,260.0,203.0,0,1,0,KEMAYORAN,KEMAYORAN,JAKARTA PUSAT,4100000000.0
2,2,54.0,44.0,1,1,0,CIJANTUNG,PASAR REBO,JAKARTA TIMUR,739000000.0
7,4,375.0,457.0,0,1,0,DUREN SAWIT,DUREN SAWIT,JAKARTA TIMUR,8000000000.0
2,3,170.0,100.0,0,1,0,ULUJAMI,PESANGGRAHAN,JAKARTA SELATAN,1500000000.0
2,2,50.0,66.0,1,1,0,CIPAYUNG,CIPAYUNG,JAKARTA TIMUR,900000000.0
7,3,230.0,236.0,0,1,0,PESANGGRAHAN,PESANGGRAHAN,JAKARTA SELATAN,2900000000.0
2,2,57.0,33.0,0,1,0,WARAKAS,TANJUNG PRIOK,JAKARTA UTARA,865000000.0
4,4,130.0,66.0,0,1,0,DURI KOSAMBI,CENGKARENG,JAKARTA BARAT,2850000000.0
2,2,60.0,30.0,1,1,0,RAWAMANGUN,PULO GADUNG,JAKARTA TIMUR,850000000.0
2,1,40.0,48.0,0,1,0,CIRACAS,CIRACAS,JAKARTA TIMUR,335000000.0
5,4,200.0,127.0,0,1,0,KEBAGUSAN,PASAR MINGGU,JAKARTA SELATAN,4000000000.0
2,2,80.0,57.0,0,1,0,SRENGSENG SAWAH,JAGAKARSA,JAKARTA SELATAN,975000000.0
3,2,75.0,58.0,0,1,0,PESANGGRAHAN,PESANGGRAHAN,JAKARTA SELATAN,950000000.0
5,4,350.0,212.0,0,1,0,RAWAMANGUN,PULO GADUNG,JAKARTA TIMUR,6500000000.0
3,2,90.0,293.0,0,1,0,BINTARO,PESANGGRAHAN,JAKARTA SELATAN,4800000000.0
5,3,221.0,88.0,0,1,0,KEAGUNGAN,TAMAN SARI,JAKARTA BARAT,2480000000.0
4,2,160.0,185.0,0,1,0,CIRACAS,CIRACAS,JAKARTA TIMUR,2100000000.0
4,3,254.0,161.0,0,1,0,KALIDERES,KALI DERES,JAKARTA BARAT,4000000000.0
6,4,200.0,223.0,0,1,0,DUREN SAWIT,DUREN SAWIT,JAKARTA TIMUR,3750000000.0
5,5,400.0,252.0,0,1,0,KEBON JERUK,KEBON JERUK,JAKARTA BARAT,4800000000.0
3,2,85.0,66.0,0,1,0,CILANGKAP,CIPAYUNG,JAKARTA TIMUR,1375000000.0
4,3,168.0,303.0,0,1,0,PULO GEBANG,CAKUNG,JAKARTA TIMUR,3500000000.0
4,4,400.0,510.0,0,1,0,PASAR MINGGU,PASAR MINGGU,JAKARTA SELATAN,8500000000.0
3,2,140.0,90.0,0,1,0,PONDOK KELAPA,DUREN SAWIT,JAKARTA TIMUR,1150000000.0
2,1,70.0,35.0,0,1,0,CIPINANG,PULO GADUNG,JAKARTA TIMUR,400000000.0
3,2,160.0,144.0,0,1,0,DUREN SAWIT,DUREN SAWIT,JAKARTA TIMUR,2300000000.0
7,3,280.0,160.0,0,1,0,DUREN SAWIT,DUREN SAWIT,JAKARTA TIMUR,3000000000.0
4,1,85.0,135.0,0,1,0,KLENDER,DUREN SAWIT,JAKARTA TIMUR,1450000000.0
2,1,48.0,62.0,0,1,0,CEGER,CIPAYUNG,JAKARTA TIMUR,800000000.0
2,1,30.0,42.0,0,1,0,LUBANG BUAYA,CIPAYUNG,JAKARTA TIMUR,550000000.0
5,2,360.0,229.0,0,1,0,SUNTER AGUNG,TANJUNG PRIOK,JAKARTA UTARA,4900000000.0
3,2,160.0,80.0,0,1,0,CIPAYUNG,CIPAYUNG,JAKARTA TIMUR,1250000000.0
4,2,105.0,154.0,0,1,0,PONDOK BAMBU,DUREN SAWIT,JAKARTA TIMUR,2700000000.0
3,2,150.0,200.0,0,1,0,DUREN SAWIT,DUREN SAWIT,JAKARTA TIMUR,3000000000.0
2,2,78.0,156.0,0,1,0,KLENDER,DUREN SAWIT,JAKARTA TIMUR,1850000000.0
3,2,100.0,75.0,0,1,0,DUREN SAWIT,DUREN SAWIT,JAKARTA TIMUR,1450000000.0
3,2,96.0,70.0,0,1,0,CILINCING,CILINCING,JAKARTA UTARA,1500000000.0
3,3,125.0,78.0,1,1,0,DUREN SAWIT,DUREN SAWIT,JAKARTA TIMUR,1300000000.0
3,2,180.0,120.0,0,1,0,PESANGGRAHAN,PESANGGRAHAN,JAKARTA SELATAN,1800000000.0
5,4,155.0,270.0,0,1,0,RAWAMANGUN,PULO GADUNG,JAKARTA TIMUR,3500000000.0
4,4,300.0,247.0,0,1,0,GANDARIA SELATAN,CILANDAK,JAKARTA SELATAN,10500000000.0
4,4,250.0,315.0,1,1,0,KALIDERES,KALI DERES,JAKARTA BARAT,4900000000.0
6,2,350.0,175.0,0,1,0,JOGLO,KEMBANGAN,JAKARTA BARAT,2800000000.0
4,3,230.0,200.0,0,1,0,PESANGGRAHAN,PESANGGRAHAN,JAKARTA SELATAN,2650000000.0
3,3,130.0,240.0,0,1,0,KEBON JERUK,KEBON JERUK,JAKARTA BARAT,6500000000.0
2,1,60.0,90.0,0,1,0,JATINEGARA,CAKUNG,JAKARTA TIMUR,1300000000.0
4,3,240.0,200.0,0,1,0,PONDOK BAMBU,DUREN SAWIT,JAKARTA TIMUR,2500000000.0
5,3,156.0,82.0,0,1,0,PULO GADUNG,PULO GADUNG,JAKARTA TIMUR,2200000000.0
4,2,110.0,92.0,0,1,0,PONDOK KELAPA,DUREN SAWIT,JAKARTA TIMUR,1450000000.0
5,4,280.0,551.0,0,1,0,MAMPANG PRAPATAN,MAMPANG PRAPATAN,JAKARTA SELATAN,5700000000.0
3,2,80.0,75.0,0,1,0,PESANGGRAHAN,PESANGGRAHAN,JAKARTA SELATAN,1750000000.0
5,4,200.0,170.0,0,1,0,PONDOK KELAPA,DUREN SAWIT,JAKARTA TIMUR,4000000000.0
4,2,160.0,90.0,0,1,0,PONDOK KELAPA,DUREN SAWIT,JAKARTA TIMUR,1400000000.0
5,7,500.0,311.0,0,1,0,JAGAKARSA,JAGAKARSA,JAKARTA SELATAN,6750000000.0
4,2,140.0,108.0,0,1,0,DUREN SAWIT,DUREN SAWIT,JAKARTA TIMUR,2100000000.0
1,1,50.0,40.0,0,1,0,CIPAYUNG,CIPAYUNG,JAKARTA TIMUR,390000000.0
6,5,500.0,277.0,0,1,0,BINTARO,PESANGGRAHAN,JAKARTA SELATAN,6500000000.0
3,3,200.0,219.0,2,1,0,TEBET TIMUR,TEBET,JAKARTA SELATAN,4300000000.0
3,2,90.0,136.0,0,1,0,PONDOK KELAPA,DUREN SAWIT,JAKARTA TIMUR,1250000000.0
4,3,250.0,100.0,0,1,0,JAGAKARSA,JAGAKARSA,JAKARTA SELATAN,3600000000.0
2,1,90.0,126.0,1,1,0,DURI KEPA,KEBON JERUK,JAKARTA BARAT,1900000000.0
3,3,220.0,117.0,0,1,0,SENEN,SENEN,JAKARTA PUSAT,1600000000.0
3,1,250.0,251.0,0,1,0,KOJA,KOJA,JAKARTA UTARA,3000000000.0
2,1,60.0,90.0,0,1,0,JATINEGARA,CAKUNG,JAKARTA TIMUR,1300000000.0
6,3,255.0,518.0,0,1,0,KAYU PUTIH,PULO GADUNG,JAKARTA TIMUR,14000000000.0
5,5,570.0,360.0,0,1,0,KEMAYORAN,KEMAYORAN,JAKARTA PUSAT,13000000000.0
3,2,72.0,84.0,0,1,0,CIPAYUNG,CIPAYUNG,JAKARTA TIMUR,850000000.0
5,4,450.0,300.0,0,1,0,BINTARO,PESANGGRAHAN,JAKARTA SELATAN,6000000000.0
3,2,129.0,120.0,0,1,0,KLENDER,DUREN SAWIT,JAKARTA TIMUR,1100000000.0
3,2,120.0,90.0,0,1,0,DUREN SAWIT,DUREN SAWIT,JAKARTA TIMUR,1500000000.0
6,3,250.0,129.0,0,1,0,RAWAMANGUN,PULO GADUNG,JAKARTA TIMUR,2900000000.0
4,2,120.0,133.0,0,1,0,CAWANG,KRAMAT JATI,JAKARTA TIMUR,2250000000.0
1,2,70.0,70.0,0,1,0,KEBON JERUK,KEBON JERUK,JAKARTA BARAT,3500000000.0
4,4,250.0,194.0,2,1,0,BINTARO,PESANGGRAHAN,JAKARTA SELATAN,3700000000.0
3,3,146.0,90.0,0,1,0,DUREN SAWIT,DUREN SAWIT,JAKARTA TIMUR,4200000000.0
4,2,158.0,138.0,0,1,0,JELAMBAR,GROGOL PETAMBURAN,JAKARTA BARAT,4000000000.0
4,1,100.0,78.0,0,1,0,KLENDER,DUREN SAWIT,JAKARTA TIMUR,925000000.0
3,2,40.0,40.0,0,1,0,ANGKE,TAMBORA,JAKARTA BARAT,650000000.0
3,2,100.0,196.0,0,1,0,RAWAMANGUN,PULO GADUNG,JAKARTA TIMUR,3136000000.0
3,1,100.0,78.0,0,1,0,KLENDER,DUREN SAWIT,JAKARTA TIMUR,720000000.0
3,1,90.0,70.0,0,1,0,KLENDER,DUREN SAWIT,JAKARTA TIMUR,1000000000.0
4,3,160.0,137.0,2,1,0,KEBON JERUK,KEBON JERUK,JAKARTA BARAT,2700000000.0
5,3,280.0,114.0,2,1,0,JAGAKARSA,JAGAKARSA,JAKARTA SELATAN,1800000000.0
4,4,150.0,105.0,2,1,0,JOGLO,KEMBANGAN,JAKARTA BARAT,2700000000.0
3,3,160.0,112.0,0,1,0,GAMBIR,GAMBIR,JAKARTA PUSAT,4500000000.0
4,2,90.0,140.0,0,1,0,PETUKANGAN UTARA,PESANGGRAHAN,JAKARTA SELATAN,1500000000.0
8,5,180.0,420.0,0,1,0,BINTARO,PESANGGRAHAN,JAKARTA SELATAN,5800000000.0
5,5,223.0,120.0,0,1,0,DUREN SAWIT,DUREN SAWIT,JAKARTA TIMUR,7100000000.0
4,4,223.0,120.0,0,1,0,DUREN SAWIT,DUREN SAWIT,JAKARTA TIMUR,7100000000.0
3,2,134.0,134.0,0,1,0,KEMANGGISAN,PALMERAH,JAKARTA BARAT,2850000000.0
3,2,275.0,167.0,0,1,0,DUREN SAWIT,DUREN SAWIT,JAKARTA TIMUR,1600000000.0
5,3,236.0,281.0,0,1,0,CIPINANG,PULO GADUNG,JAKARTA TIMUR,4900000000.0
5,4,150.0,90.0,0,1,0,GUNUNG SAHARI SELATAN,KEMAYORAN,JAKARTA PUSAT,2250300200.0
2,1,36.0,36.0,0,1,0,KALISARI,PASAR REBO,JAKARTA TIMUR,450000000.0
2,1,100.0,95.0,0,1,0,JATI,PULO GADUNG,JAKARTA TIMUR,2250000000.0
4,4,350.0,242.0,0,1,0,CIPETE SELATAN,CILANDAK,JAKARTA SELATAN,5000000000.0
4,3,254.0,161.0,0,1,0,KALIDERES,KALI DERES,JAKARTA BARAT,4000000000.0
4,3,150.0,348.0,0,1,0,KEBON JERUK,KEBON JERUK,JAKARTA BARAT,7500000000.0
5,3,339.0,289.0,0,1,0,RAWAMANGUN,PULO GADUNG,JAKARTA TIMUR,5700000000.0
4,4,250.0,194.0,0,1,0,BINTARO,PESANGGRAHAN,JAKARTA SELATAN,3500000000.0
4,2,120.0,180.0,0,1,0,MENTENG,MENTENG,JAKARTA PUSAT,5500000000.0
3,1,80.0,78.0,0,1,0,KLENDER,DUREN SAWIT,JAKARTA TIMUR,650000000.0
5,4,220.0,193.0,0,1,0,DUREN SAWIT,DUREN SAWIT,JAKARTA TIMUR,2650000000.0
4,2,150.0,140.0,0,1,0,DUREN SAWIT,DUREN SAWIT,JAKARTA TIMUR,1700000000.0
5,4,400.0,451.0,0,1,0,PEJATEN BARAT,PASAR MINGGU,JAKARTA SELATAN,11000000000.0
3,2,196.0,99.0,0,1,0,KEBON KOSONG,KEMAYORAN,JAKARTA PUSAT,1850000000.0
3,1,90.0,70.0,0,1,0,KLENDER,DUREN SAWIT,JAKARTA TIMUR,720000000.0
5,4,300.0,165.0,0,1,0,PONDOK KOPI,DUREN SAWIT,JAKARTA TIMUR,3400000000.0
2,1,70.0,78.0,0,1,0,PONDOK KELAPA,DUREN SAWIT,JAKARTA TIMUR,730000000.0
3,1,100.0,90.0,0,1,0,PONDOK BAMBU,DUREN SAWIT,JAKARTA TIMUR,1500000000.0
4,4,296.0,148.0,0,1,0,MAKASAR,MAKASAR,JAKARTA TIMUR,2600000000.0
6,4,300.0,322.0,1,1,0,DUREN SAWIT,DUREN SAWIT,JAKARTA TIMUR,3600000000.0
6,4,300.0,322.0,1,1,0,DUREN SAWIT,DUREN SAWIT,JAKARTA TIMUR,3600000000.0
4,2,130.0,144.0,0,1,0,KEMBANGAN UTARA,KEMBANGAN,JAKARTA BARAT,4500000000.0
3,2,160.0,112.0,0,1,0,SRENGSENG,KEMBANGAN,JAKARTA BARAT,2200000000.0
3,4,160.0,90.0,0,1,0,CILINCING,CILINCING,JAKARTA UTARA,2050000000.0
3,3,105.0,85.0,0,1,0,MERUYA SELATAN,KEMBANGAN,JAKARTA BARAT,1500000000.0
3,3,168.0,168.0,0,1,0,KARTINI,SAWAH BESAR,JAKARTA PUSAT,4500000000.0
2,1,52.0,26.0,0,1,0,JAGAKARSA,JAGAKARSA,JAKARTA SELATAN,335000000.0
3,3,208.0,144.0,2,1,0,KEDOYA UTARA,KEBON JERUK,JAKARTA BARAT,2800000000.0
3,2,90.0,75.0,0,1,0,CIPAYUNG,CIPAYUNG,JAKARTA TIMUR,990000000.0
4,1,120.0,102.0,0,1,0,PONDOK KELAPA,DUREN SAWIT,JAKARTA TIMUR,1300000000.0
4,4,250.0,194.0,2,1,0,BINTARO,PESANGGRAHAN,JAKARTA SELATAN,3500000000.0
2,3,80.0,36.0,0,1,0,PESANGGRAHAN,PESANGGRAHAN,JAKARTA SELATAN,775000000.0
3,1,80.0,78.0,0,1,0,KLENDER,DUREN SAWIT,JAKARTA TIMUR,625000000.0
4,4,156.0,90.0,0,1,0,PONDOK KELAPA,DUREN SAWIT,JAKARTA TIMUR,2100000000.0
2,1,44.0,70.0,0,1,0,CIRACAS,CIRACAS,JAKARTA TIMUR,600000000.0
3,2,80.0,75.0,0,1,0,CIPAYUNG,CIPAYUNG,JAKARTA TIMUR,990000000.0
7,4,225.0,425.0,0,1,0,PULO GADUNG,PULO GADUNG,JAKARTA TIMUR,3800000000.0
2,1,60.0,90.0,0,1,0,SEMANAN,KALI DERES,JAKARTA BARAT,1300000000.0
2,1,50.0,71.0,0,1,0,CIRACAS,CIRACAS,JAKARTA TIMUR,799000000.0
2,1,45.0,60.0,0,1,0,CIPAYUNG,CIPAYUNG,JAKARTA TIMUR,650000000.0
3,1,70.0,78.0,0,1,0,KLENDER,DUREN SAWIT,JAKARTA TIMUR,710000000.0
3,2,120.0,78.0,0,1,0,KLENDER,DUREN SAWIT,JAKARTA TIMUR,690000000.0
4,3,200.0,156.0,0,1,0,TOMANG,GROGOL PETAMBURAN,JAKARTA BARAT,5800000000.0
4,3,200.0,128.0,0,1,0,MERUYA UTARA,KEMBANGAN,JAKARTA BARAT,2400000000.0
4,4,95.0,60.0,0,1,0,PEGADUNGAN,KALI DERES,JAKARTA BARAT,2300000000.0
3,3,200.0,124.0,0,1,0,CIPETE UTARA,KEBAYORAN BARU,JAKARTA SELATAN,4500000000.0
4,5,171.0,70.0,0,1,0,PESANGGRAHAN,PESANGGRAHAN,JAKARTA SELATAN,4200000000.0
4,5,460.0,246.0,0,1,0,MAMPANG PRAPATAN,MAMPANG PRAPATAN,JAKARTA SELATAN,11500000000.0
3,2,88.0,135.0,0,1,0,KLENDER,DUREN SAWIT,JAKARTA TIMUR,1850000000.0
1,1,100.0,120.0,0,1,0,PONDOK KOPI,DUREN SAWIT,JAKARTA TIMUR,2150000000.0
5,3,170.0,425.0,0,1,0,CIPAYUNG,CIPAYUNG,JAKARTA TIMUR,3200000000.0
3,2,150.0,310.0,0,1,0,KEBON JERUK,KEBON JERUK,JAKARTA BARAT,6000000000.0
4,3,350.0,281.0,0,1,0,JOGLO,KEMBANGAN,JAKARTA BARAT,2200000000.0
3,2,80.0,43.0,0,1,0,PASAR MINGGU,PASAR MINGGU,JAKARTA SELATAN,990000000.0
3,2,60.0,40.0,0,1,0,CIPAYUNG,CIPAYUNG,JAKARTA TIMUR,650000000.0
3,3,120.0,261.0,0,1,0,KEBON JERUK,KEBON JERUK,JAKARTA BARAT,5200000000.0
5,5,208.0,174.0,0,1,0,RAWAMANGUN,PULO GADUNG,JAKARTA TIMUR,5000000000.0
3,2,60.0,30.0,1,1,0,RAWAMANGUN,PULO GADUNG,JAKARTA TIMUR,850000000.0
2,2,50.0,70.0,0,1,0,BAMBU APUS,CIPAYUNG,JAKARTA TIMUR,900000000.0
3,3,108.0,89.0,0,1,0,JOGLO,KEMBANGAN,JAKARTA BARAT,1560000000.0
3,3,130.0,70.0,0,1,0,JAGAKARSA,JAGAKARSA,JAKARTA SELATAN,1800000000.0
3,2,60.0,67.0,0,1,0,TANJUNG PRIOK,TANJUNG PRIOK,JAKARTA UTARA,1500000000.0
2,1,100.0,48.0,0,1,0,JELAMBAR,GROGOL PETAMBURAN,JAKARTA BARAT,1676400000.0
2,1,150.0,57.0,0,1,0,JELAMBAR BARU,GROGOL PETAMBURAN,JAKARTA BARAT,2039120000.0
4,4,130.0,66.0,2,1,0,KEMBANGAN SELATAN,KEMBANGAN,JAKARTA BARAT,2879000000.0
6,3,465.0,469.0,0,1,0,MERUYA UTARA,KEMBANGAN,JAKARTA BARAT,9000000000.0
3,3,56.0,56.0,0,1,0,KRENDANG,TAMBORA,JAKARTA BARAT,1400000000.0
4,4,520.0,200.0,0,1,0,WIJAYA KUSUMA,GROGOL PETAMBURAN,JAKARTA BARAT,4750000000.0
3,3,75.0,62.0,1,1,0,KEDOYA UTARA,KEBON JERUK,JAKARTA BARAT,2000000000.0
4,2,180.0,120.0,2,1,0,KEMBANGAN UTARA,KEMBANGAN,JAKARTA BARAT,3350000000.0
5,1,120.0,70.0,0,1,0,JOGLO,KEMBANGAN,JAKARTA BARAT,450000000.0
4,3,229.0,315.0,0,1,0,MERUYA UTARA,KEMBANGAN,JAKARTA BARAT,4900000000.0
4,3,229.0,315.0,0,1,0,MERUYA UTARA,KEMBANGAN,JAKARTA BARAT,4900000000.0
4,2,300.0,215.0,1,1,0,MERUYA UTARA,KEMBANGAN,JAKARTA BARAT,4000000000.0
4,3,250.0,105.0,0,1,0,KEMBANGAN SELATAN,KEMBANGAN,JAKARTA BARAT,2700000000.0
4,3,229.0,315.0,0,1,0,MERUYA UTARA,KEMBANGAN,JAKARTA BARAT,4900000000.0
3,3,360.0,514.0,0,1,0,TOMANG,GROGOL PETAMBURAN,JAKARTA BARAT,13000000000.0
6,3,125.0,104.0,0,1,0,JOGLO,KEMBANGAN,JAKARTA BARAT,1700000000.0
5,4,300.0,200.0,2,1,0,KEMBANGAN SELATAN,KEMBANGAN,JAKARTA BARAT,8200000000.0
4,4,220.0,181.0,0,1,0,MERUYA SELATAN,KEMBANGAN,JAKARTA BARAT,3600000000.0
2,1,90.0,95.0,0,1,0,KEMBANGAN SELATAN,KEMBANGAN,JAKARTA BARAT,1600000000.0
3,2,92.0,72.0,0,1,0,KEMBANGAN SELATAN,KEMBANGAN,JAKARTA BARAT,2500000000.0
4,3,229.0,315.0,0,1,0,MERUYA UTARA,KEMBANGAN,JAKARTA BARAT,4900000000.0
6,3,360.0,306.0,0,1,0,KEDOYA SELATAN,KEBON JERUK,JAKARTA BARAT,7000000000.0
2,2,90.0,90.0,0,1,0,KEDAUNG KALI ANGKE,CENGKARENG,JAKARTA BARAT,2600000000.0
2,2,110.0,90.0,1,1,0,KEMBANGAN SELATAN,KEMBANGAN,JAKARTA BARAT,2700000000.0
4,3,158.0,336.0,0,1,0,TANJUNG DUREN SELATAN,GROGOL PETAMBURAN,JAKARTA BARAT,8000000000.0
3,2,145.0,125.0,0,1,0,MERUYA UTARA,KEMBANGAN,JAKARTA BARAT,2500000000.0
4,3,304.0,250.0,2,1,0,KEMBANGAN SELATAN,KEMBANGAN,JAKARTA BARAT,8200000000.0
3,4,90.0,90.0,0,1,0,GROGOL,GROGOL PETAMBURAN,JAKARTA BARAT,3100000000.0
4,3,130.0,300.0,0,1,0,MERUYA UTARA,KEMBANGAN,JAKARTA BARAT,7750000000.0
3,3,147.0,145.0,0,1,0,WIJAYA KUSUMA,GROGOL PETAMBURAN,JAKARTA BARAT,4000000000.0
4,4,225.0,144.0,1,1,0,KEMBANGAN UTARA,KEMBANGAN,JAKARTA BARAT,4500000000.0
4,3,310.0,260.0,0,1,0,JOGLO,KEMBANGAN,JAKARTA BARAT,2850000000.0
4,3,250.0,172.0,0,1,0,TANJUNG DUREN SELATAN,GROGOL PETAMBURAN,JAKARTA BARAT,7000000000.0
5,3,280.0,200.0,0,1,0,CENGKARENG TIMUR,CENGKARENG,JAKARTA BARAT,7700000000.0
3,1,100.0,132.0,0,1,0,DURI KOSAMBI,CENGKARENG,JAKARTA BARAT,1800000000.0
3,1,110.0,204.0,1,1,0,CENGKARENG TIMUR,CENGKARENG,JAKARTA BARAT,1500000000.0
4,4,300.0,235.0,0,1,0,KEMBANGAN SELATAN,KEMBANGAN,JAKARTA BARAT,10500000000.0
3,2,120.0,90.0,0,1,0,KRENDANG,TAMBORA,JAKARTA BARAT,1350000000.0
4,4,300.0,200.0,0,1,0,CENGKARENG TIMUR,CENGKARENG,JAKARTA BARAT,3750000000.0
5,2,121.0,117.0,0,1,0,GROGOL,GROGOL PETAMBURAN,JAKARTA BARAT,2500000000.0
4,2,78.0,90.0,0,1,0,DURI KOSAMBI,CENGKARENG,JAKARTA BARAT,1500000000.0
2,2,160.0,200.0,0,1,0,KEDOYA SELATAN,KEBON JERUK,JAKARTA BARAT,6500000000.0
3,2,120.0,72.0,0,1,0,KAPUK,CENGKARENG,JAKARTA BARAT,1550000000.0
3,2,100.0,120.0,0,1,0,RAWA BUAYA,CENGKARENG,JAKARTA BARAT,1200000000.0
3,2,300.0,365.0,1,1,0,KARANG ANYAR,SAWAH BESAR,JAKARTA PUSAT,10000000000.0
8,3,280.0,185.0,1,1,0,GUNUNG SAHARI UTARA,SAWAH BESAR,JAKARTA PUSAT,5000000000.0
7,3,280.0,185.0,1,1,0,GELORA,TANAH ABANG,JAKARTA PUSAT,5000000000.0
3,2,71.0,25.0,0,1,0,RAWASARI,CEMPAKA PUTIH,JAKARTA PUSAT,900000000.0
5,5,250.0,150.0,0,1,0,RAWASARI,CEMPAKA PUTIH,JAKARTA PUSAT,5500000000.0
3,2,98.0,119.0,0,1,0,MANGGA DUA SELATAN,SAWAH BESAR,JAKARTA PUSAT,1350000000.0
3,2,93.0,49.0,0,1,0,CIRACAS,CIRACAS,JAKARTA TIMUR,985000000.0
6,2,400.0,100.0,0,1,0,BENDUNGAN HILIR,TANAH ABANG,JAKARTA PUSAT,9000000000.0
6,3,216.0,216.0,0,1,0,CEMPAKA PUTIH BARAT,CEMPAKA PUTIH,JAKARTA PUSAT,4500000000.0
4,3,235.0,264.0,1,1,0,GUNUNG SAHARI SELATAN,KEMAYORAN,JAKARTA PUSAT,7500000000.0
4,2,220.0,125.0,0,1,0,PETOJO UTARA,GAMBIR,JAKARTA PUSAT,3000000000.0
3,2,141.0,236.0,0,1,0,MANGGA DUA SELATAN,SAWAH BESAR,JAKARTA PUSAT,5800000000.0
5,4,125.0,155.0,0,1,0,CEMPAKA PUTIH TIMUR,CEMPAKA PUTIH,JAKARTA PUSAT,3500000000.0
3,2,165.0,330.0,0,1,0,BENDUNGAN HILIR,TANAH ABANG,JAKARTA PUSAT,5500000000.0
4,4,72.0,120.0,0,1,0,CILANDAK BARAT,CILANDAK,JAKARTA SELATAN,2400000000.0
6,4,274.0,165.0,0,1,0,PASAR MANGGIS,SETIA BUDI,JAKARTA SELATAN,12000000000.0
5,5,310.0,161.0,0,1,0,CIPETE SELATAN,CILANDAK,JAKARTA SELATAN,8764000000.0
3,3,140.0,72.0,0,1,0,CILANDAK BARAT,CILANDAK,JAKARTA SELATAN,2400000000.0
3,4,230.0,147.0,2,1,0,CILANDAK BARAT,CILANDAK,JAKARTA SELATAN,4300000000.0
4,4,215.0,81.0,0,1,0,CILANDAK TIMUR,PASAR MINGGU,JAKARTA SELATAN,4665000000.0
5,1,180.0,323.0,1,1,0,KARET KUNINGAN,SETIA BUDI,JAKARTA SELATAN,9700000000.0
4,3,123.0,142.0,0,1,0,TEBET BARAT,TEBET,JAKARTA SELATAN,2900000000.0
4,3,177.0,377.0,2,1,0,BANGKA,MAMPANG PRAPATAN,JAKARTA SELATAN,7000000000.0
3,2,100.0,87.0,0,1,0,CILANDAK BARAT,CILANDAK,JAKARTA SELATAN,1350125000.0
5,3,300.0,350.0,2,1,0,GANDARIA SELATAN,CILANDAK,JAKARTA SELATAN,7500000000.0
4,1,150.0,170.0,2,1,0,CIPETE SELATAN,CILANDAK,JAKARTA SELATAN,4500000000.0
4,4,180.0,130.0,0,1,0,CIPETE SELATAN,CILANDAK,JAKARTA SELATAN,4500000000.0
4,3,230.0,140.0,0,1,0,BUKIT DURI,TEBET,JAKARTA SELATAN,3900000000.0
5,2,203.0,251.0,0,1,0,CIPULIR,KEBAYORAN LAMA,JAKARTA SELATAN,5000000000.0
4,4,400.0,340.0,0,1,0,CILANDAK BARAT,CILANDAK,JAKARTA SELATAN,13000000000.0
5,3,161.0,161.0,1,1,0,PASAR MANGGIS,SETIA BUDI,JAKARTA SELATAN,3300000000.0
4,3,80.0,60.0,0,1,0,PEJATEN BARAT,PASAR MINGGU,JAKARTA SELATAN,2800000000.0
4,4,120.0,78.0,0,1,0,BUKIT DURI,TEBET,JAKARTA SELATAN,2500000000.0
8,3,280.0,255.0,2,1,0,PASAR MANGGIS,SETIA BUDI,JAKARTA SELATAN,5000000000.0
4,2,160.0,103.0,0,1,0,LEBAK BULUS,CILANDAK,JAKARTA SELATAN,2800000000.0
4,3,190.0,350.0,0,1,0,LEBAK BULUS,CILANDAK,JAKARTA SELATAN,4800000000.0
4,2,100.0,145.0,0,1,0,BUKIT DURI,TEBET,JAKARTA SELATAN,2750000000.0
3,3,200.0,263.0,2,1,0,CIPETE UTARA,KEBAYORAN BARU,JAKARTA SELATAN,6800000000.0
4,4,250.0,535.0,0,1,0,BANGKA,MAMPANG PRAPATAN,JAKARTA SELATAN,8988000000.0
6,5,185.0,153.0,1,1,0,TEBET BARAT,TEBET,JAKARTA SELATAN,3500000000.0
4,5,231.0,245.0,0,1,0,CILANDAK BARAT,CILANDAK,JAKARTA SELATAN,12300000000.0
4,4,208.0,144.0,0,1,0,CIPULIR,KEBAYORAN LAMA,JAKARTA SELATAN,3900000000.0
5,5,455.0,219.0,2,1,0,BANGKA,MAMPANG PRAPATAN,JAKARTA SELATAN,10700000000.0
3,1,200.0,103.0,0,1,0,BUKIT DURI,TEBET,JAKARTA SELATAN,3500000000.0
4,4,350.0,240.0,0,1,0,CIPETE SELATAN,CILANDAK,JAKARTA SELATAN,7900000000.0
5,2,200.0,239.0,0,1,0,BUKIT DURI,TEBET,JAKARTA SELATAN,8000000000.0
4,4,250.0,197.0,0,1,0,BUKIT DURI,TEBET,JAKARTA SELATAN,2800000000.0
3,3,200.0,242.0,0,1,0,CIPETE SELATAN,CILANDAK,JAKARTA SELATAN,7000000000.0
6,4,260.0,100.0,0,1,0,GANDARIA UTARA,KEBAYORAN BARU,JAKARTA SELATAN,3000000000.0
4,4,266.0,138.0,2,1,0,CILANDAK BARAT,CILANDAK,JAKARTA SELATAN,5000000000.0
3,2,200.0,146.0,2,1,0,PETOGOGAN,KEBAYORAN BARU,JAKARTA SELATAN,3800000000.0
3,2,250.0,118.0,0,1,0,CILANDAK BARAT,CILANDAK,JAKARTA SELATAN,3420000000.0
6,6,280.0,127.0,0,1,0,KEBAGUSAN,PASAR MINGGU,JAKARTA SELATAN,4250000000.0
5,4,270.0,119.0,0,1,0,CILANDAK BARAT,CILANDAK,JAKARTA SELATAN,4000000000.0
3,2,70.0,122.0,0,1,0,PONDOK PINANG,KEBAYORAN LAMA,JAKARTA SELATAN,4600000000.0
5,3,315.0,473.0,1,1,0,PONDOK LABU,CILANDAK,JAKARTA SELATAN,9947400000.0
3,3,180.0,200.0,2,1,0,KRAMAT PELA,KEBAYORAN BARU,JAKARTA SELATAN,11500000000.0
5,4,250.0,237.0,0,1,0,PETUKANGAN UTARA,PESANGGRAHAN,JAKARTA SELATAN,3000000000.0
6,5,430.0,216.0,0,1,0,KEBON BARU,TEBET,JAKARTA SELATAN,9400000000.0
4,4,206.0,144.0,0,1,0,BANGKA,MAMPANG PRAPATAN,JAKARTA SELATAN,4100000000.0
5,3,200.0,100.0,0,1,0,PETUKANGAN UTARA,PESANGGRAHAN,JAKARTA SELATAN,1350000000.0
5,5,239.0,144.0,0,1,0,CIGANJUR,JAGAKARSA,JAKARTA SELATAN,6980000000.0
5,3,250.0,339.0,0,1,0,CIPETE SELATAN,CILANDAK,JAKARTA SELATAN,7000000000.0
5,2,180.0,130.0,0,1,0,PEJATEN TIMUR,PASAR MINGGU,JAKARTA SELATAN,1900000000.0
5,5,420.0,230.0,0,1,0,BANGKA,MAMPANG PRAPATAN,JAKARTA SELATAN,8500000000.0
4,5,280.0,250.0,0,1,0,PONDOK LABU,CILANDAK,JAKARTA SELATAN,4875000000.0
3,2,95.0,95.0,0,1,0,CIPULIR,KEBAYORAN LAMA,JAKARTA SELATAN,2350000000.0
3,2,80.0,74.0,0,1,0,BUKIT DURI,TEBET,JAKARTA SELATAN,1855000000.0
3,3,500.0,298.0,0,1,0,GUNUNG,KEBAYORAN BARU,JAKARTA SELATAN,13000000000.0
7,3,300.0,530.0,0,1,0,PASAR MANGGIS,SETIA BUDI,JAKARTA SELATAN,6200000000.0
6,3,250.0,310.0,0,1,0,KEBAYORAN LAMA SELATAN,KEBAYORAN LAMA,JAKARTA SELATAN,7800000000.0
5,4,300.0,264.0,0,1,0,TEBET BARAT,TEBET,JAKARTA SELATAN,8350000000.0
3,3,115.0,90.0,0,1,0,TEBET BARAT,TEBET,JAKARTA SELATAN,2600000000.0
4,2,185.0,207.0,2,1,0,CIPETE UTARA,KEBAYORAN BARU,JAKARTA SELATAN,11000000000.0
3,1,224.0,214.0,0,1,0,PASAR MANGGIS,SETIA BUDI,JAKARTA SELATAN,10700000000.0
6,5,322.0,508.0,2,1,0,PASAR MANGGIS,SETIA BUDI,JAKARTA SELATAN,14000000000.0
6,5,358.0,483.0,0,1,0,CIPETE UTARA,KEBAYORAN BARU,JAKARTA SELATAN,8000000000.0
3,2,260.0,275.0,0,1,0,CIPETE UTARA,KEBAYORAN BARU,JAKARTA SELATAN,6200000000.0
4,3,180.0,170.0,0,1,0,BANGKA,MAMPANG PRAPATAN,JAKARTA SELATAN,2100000000.0
5,5,130.0,102.0,0,1,0,CAKUNG TIMUR,CAKUNG,JAKARTA TIMUR,2600000000.0
3,2,102.0,102.0,0,1,0,CAKUNG TIMUR,CAKUNG,JAKARTA TIMUR,2000000000.0
4,5,250.0,135.0,0,1,0,CAKUNG TIMUR,CAKUNG,JAKARTA TIMUR,4919966800.0
4,3,70.0,90.0,0,1,0,CAKUNG TIMUR,CAKUNG,JAKARTA TIMUR,1700000000.0
2,2,122.0,102.0,0,1,0,CAKUNG TIMUR,CAKUNG,JAKARTA TIMUR,2600000000.0
2,2,69.0,90.0,0,1,0,CAKUNG TIMUR,CAKUNG,JAKARTA TIMUR,1950000000.0
2,2,100.0,75.0,0,1,0,CAKUNG TIMUR,CAKUNG,JAKARTA TIMUR,1550000000.0
3,4,98.0,98.0,0,1,0,CAKUNG TIMUR,CAKUNG,JAKARTA TIMUR,3100000000.0
3,2,90.0,102.0,0,1,0,CAKUNG TIMUR,CAKUNG,JAKARTA TIMUR,1800000000.0
4,3,90.0,97.0,0,1,0,CAKUNG TIMUR,CAKUNG,JAKARTA TIMUR,1850000000.0
4,3,127.0,170.0,0,1,0,CAKUNG TIMUR,CAKUNG,JAKARTA TIMUR,2870000000.0
2,2,100.0,75.0,0,1,0,CAKUNG TIMUR,CAKUNG,JAKARTA TIMUR,1575000000.0
2,2,100.0,75.0,1,1,0,CAKUNG TIMUR,CAKUNG,JAKARTA TIMUR,1550000000.0
2,2,100.0,75.0,0,1,0,CAKUNG TIMUR,CAKUNG,JAKARTA TIMUR,1550000000.0
3,2,200.0,130.0,0,1,0,CAKUNG TIMUR,CAKUNG,JAKARTA TIMUR,2850000000.0
4,4,156.0,179.0,1,1,0,CAKUNG TIMUR,CAKUNG,JAKARTA TIMUR,3200000000.0
4,3,156.0,212.0,0,1,0,CAKUNG TIMUR,CAKUNG,JAKARTA TIMUR,3500000000.0
2,2,100.0,75.0,1,1,0,CAKUNG TIMUR,CAKUNG,JAKARTA TIMUR,1575000000.0
3,2,200.0,130.0,0,1,0,CAKUNG TIMUR,CAKUNG,JAKARTA TIMUR,2850000000.0
4,3,156.0,212.0,0,1,0,CAKUNG TIMUR,CAKUNG,JAKARTA TIMUR,3500000000.0
2,2,100.0,75.0,1,1,0,CAKUNG TIMUR,CAKUNG,JAKARTA TIMUR,1550000000.0
4,3,120.0,136.0,0,1,0,CAKUNG TIMUR,CAKUNG,JAKARTA TIMUR,3200000000.0
4,4,102.0,102.0,0,1,0,CAKUNG TIMUR,CAKUNG,JAKARTA TIMUR,2600000000.0
5,4,127.0,170.0,0,1,0,CAKUNG TIMUR,CAKUNG,JAKARTA TIMUR,3100000000.0
7,3,105.0,140.0,1,1,0,CAKUNG TIMUR,CAKUNG,JAKARTA TIMUR,3300000000.0
4,4,254.0,198.0,0,1,0,CAKUNG TIMUR,CAKUNG,JAKARTA TIMUR,4000000000.0
2,2,100.0,75.0,0,1,0,CAKUNG TIMUR,CAKUNG,JAKARTA TIMUR,1550000000.0
3,2,200.0,130.0,0,1,0,CAKUNG TIMUR,CAKUNG,JAKARTA TIMUR,2850000000.0
3,3,213.0,209.0,0,1,0,CAKUNG TIMUR,CAKUNG,JAKARTA TIMUR,3100000000.0
4,3,130.0,102.0,0,1,0,CAKUNG TIMUR,CAKUNG,JAKARTA TIMUR,2100000000.0
5,2,50.0,90.0,0,1,0,CAKUNG TIMUR,CAKUNG,JAKARTA TIMUR,1650000000.0
3,3,125.0,120.0,2,1,0,CAKUNG TIMUR,CAKUNG,JAKARTA TIMUR,2000000000.0
4,4,150.0,119.0,0,1,0,CAKUNG TIMUR,CAKUNG,JAKARTA TIMUR,2500000000.0
4,3,120.0,112.0,0,1,0,CAKUNG TIMUR,CAKUNG,JAKARTA TIMUR,2000000000.0
3,2,110.0,90.0,0,1,0,CAKUNG TIMUR,CAKUNG,JAKARTA TIMUR,1950000000.0
3,3,63.0,90.0,0,1,0,CAKUNG TIMUR,CAKUNG,JAKARTA TIMUR,1500000000.0
4,3,156.0,212.0,0,1,0,CAKUNG TIMUR,CAKUNG,JAKARTA TIMUR,3500000000.0
3,2,63.0,90.0,0,1,0,CAKUNG TIMUR,CAKUNG,JAKARTA TIMUR,1850000000.0
5,4,116.0,120.0,0,1,0,CAKUNG TIMUR,CAKUNG,JAKARTA TIMUR,2700000000.0
5,4,116.0,120.0,1,1,0,CAKUNG TIMUR,CAKUNG,JAKARTA TIMUR,2700000000.0
5,5,147.0,168.0,0,1,0,CAKUNG TIMUR,CAKUNG,JAKARTA TIMUR,3690000000.0
3,2,86.0,102.0,0,1,0,CAKUNG TIMUR,CAKUNG,JAKARTA TIMUR,1900000000.0
4,1,63.0,90.0,0,1,0,CAKUNG TIMUR,CAKUNG,JAKARTA TIMUR,1700000000.0
4,3,200.0,170.0,2,1,0,CAKUNG TIMUR,CAKUNG,JAKARTA TIMUR,3300000000.0
3,2,90.0,90.0,0,1,0,CAKUNG TIMUR,CAKUNG,JAKARTA TIMUR,1800000000.0
2,2,88.0,88.0,0,1,0,CAKUNG TIMUR,CAKUNG,JAKARTA TIMUR,1650000000.0
5,4,240.0,136.0,0,1,0,CAKUNG TIMUR,CAKUNG,JAKARTA TIMUR,3200000000.0
5,4,168.0,119.0,0,1,0,CAKUNG TIMUR,CAKUNG,JAKARTA TIMUR,2800000000.0
5,4,142.0,132.0,0,1,0,CAKUNG TIMUR,CAKUNG,JAKARTA TIMUR,3500000000.0
5,3,150.0,102.0,2,1,0,CAKUNG TIMUR,CAKUNG,JAKARTA TIMUR,1900000000.0
3,2,105.0,90.0,2,1,0,CAKUNG TIMUR,CAKUNG,JAKARTA TIMUR,1950000000.0
4,3,120.0,170.0,0,1,0,CAKUNG TIMUR,CAKUNG,JAKARTA TIMUR,2900000000.0
4,3,360.0,220.0,0,1,0,CAKUNG TIMUR,CAKUNG,JAKARTA TIMUR,4700000000.0
4,2,120.0,90.0,1,1,0,CAKUNG TIMUR,CAKUNG,JAKARTA TIMUR,1700000000.0
4,3,235.0,240.0,0,1,0,CAKUNG TIMUR,CAKUNG,JAKARTA TIMUR,5250000000.0
4,3,115.0,98.0,0,1,0,CAKUNG TIMUR,CAKUNG,JAKARTA TIMUR,3500000000.0
3,3,91.0,98.0,0,1,0,CAKUNG TIMUR,CAKUNG,JAKARTA TIMUR,2900000000.0
4,3,90.0,120.0,0,1,0,CAKUNG TIMUR,CAKUNG,JAKARTA TIMUR,2200000000.0
3,2,60.0,65.0,0,1,0,BALE KAMBANG,KRAMAT JATI,JAKARTA TIMUR,1000000000.0
3,3,68.0,90.0,0,1,0,CAKUNG TIMUR,CAKUNG,JAKARTA TIMUR,1700000000.0
4,4,115.0,120.0,2,1,0,CAKUNG TIMUR,CAKUNG,JAKARTA TIMUR,2842000000.0
4,3,140.0,140.0,0,1,0,CAKUNG TIMUR,CAKUNG,JAKARTA TIMUR,2400000000.0
3,3,69.0,90.0,0,1,0,CAKUNG TIMUR,CAKUNG,JAKARTA TIMUR,1500000000.0
4,4,120.0,120.0,0,1,0,CAKUNG TIMUR,CAKUNG,JAKARTA TIMUR,2050000000.0
4,3,90.0,72.0,0,1,0,CAKUNG TIMUR,CAKUNG,JAKARTA TIMUR,2000000000.0
3,2,85.0,61.0,0,1,0,CIJANTUNG,PASAR REBO,JAKARTA TIMUR,2057000000.0
3,3,119.0,90.0,0,1,0,CAKUNG TIMUR,CAKUNG,JAKARTA TIMUR,3500000000.0
4,4,116.0,120.0,0,1,0,CAKUNG TIMUR,CAKUNG,JAKARTA TIMUR,2800000000.0
4,5,115.0,98.0,0,1,0,CAKUNG TIMUR,CAKUNG,JAKARTA TIMUR,3400000000.0
4,2,63.0,90.0,0,1,0,CAKUNG TIMUR,CAKUNG,JAKARTA TIMUR,2000000000.0
2,2,69.0,96.0,0,1,0,UJUNG MENTENG,CAKUNG,JAKARTA TIMUR,1850000000.0
3,2,70.0,85.0,0,1,0,CAKUNG TIMUR,CAKUNG,JAKARTA TIMUR,1750000000.0
4,3,105.0,105.0,0,1,0,CAKUNG TIMUR,CAKUNG,JAKARTA TIMUR,2100000000.0
4,4,165.0,168.0,2,1,0,CAKUNG TIMUR,CAKUNG,JAKARTA TIMUR,5624000000.0
4,4,250.0,144.0,0,1,0,BALE KAMBANG,KRAMAT JATI,JAKARTA TIMUR,3000000000.0
3,3,107.0,75.0,0,1,0,RAWA TERATE,CAKUNG,JAKARTA TIMUR,3500000000.0
2,2,36.0,90.0,0,1,0,CAKUNG TIMUR,CAKUNG,JAKARTA TIMUR,1850000000.0
3,2,60.0,70.0,0,1,0,BALE KAMBANG,KRAMAT JATI,JAKARTA TIMUR,765000000.0
4,5,115.0,98.0,0,1,0,CAKUNG TIMUR,CAKUNG,JAKARTA TIMUR,2900000000.0
2,2,200.0,144.0,0,1,0,JATINEGARA,CAKUNG,JAKARTA TIMUR,2400000000.0
4,4,133.0,102.0,0,1,0,CAKUNG TIMUR,CAKUNG,JAKARTA TIMUR,2500000000.0
4,3,76.0,102.0,0,1,0,CAKUNG TIMUR,CAKUNG,JAKARTA TIMUR,1700000000.0
3,2,76.0,102.0,0,1,0,CAKUNG TIMUR,CAKUNG,JAKARTA TIMUR,1700000000.0
4,3,76.0,102.0,1,1,0,CAKUNG TIMUR,CAKUNG,JAKARTA TIMUR,1750000000.0
4,3,76.0,102.0,1,1,0,CAKUNG TIMUR,CAKUNG,JAKARTA TIMUR,1750000000.0
3,2,76.0,102.0,0,1,0,CAKUNG TIMUR,CAKUNG,JAKARTA TIMUR,1700000000.0
5,3,140.0,102.0,0,1,0,CAKUNG TIMUR,CAKUNG,JAKARTA TIMUR,2300000000.0
3,3,63.0,90.0,2,1,0,CAKUNG TIMUR,CAKUNG,JAKARTA TIMUR,1650000000.0
3,4,120.0,90.0,0,1,0,CAKUNG TIMUR,CAKUNG,JAKARTA TIMUR,2100000000.0
5,4,168.0,119.0,0,1,0,CAKUNG TIMUR,CAKUNG,JAKARTA TIMUR,2750000000.0
4,3,76.0,102.0,1,1,0,CAKUNG TIMUR,CAKUNG,JAKARTA TIMUR,1700000000.0
3,4,98.0,98.0,0,1,0,CAKUNG TIMUR,CAKUNG,JAKARTA TIMUR,3100000000.0
4,4,75.0,102.0,0,1,0,CAKUNG TIMUR,CAKUNG,JAKARTA TIMUR,1625000000.0
5,2,58.0,90.0,0,1,0,CAKUNG TIMUR,CAKUNG,JAKARTA TIMUR,1500000000.0
3,2,69.0,102.0,0,1,0,CAKUNG TIMUR,CAKUNG,JAKARTA TIMUR,2100000000.0
3,3,254.0,198.0,0,1,0,CAKUNG TIMUR,CAKUNG,JAKARTA TIMUR,4000000000.0
3,4,115.0,98.0,2,1,0,CAKUNG TIMUR,CAKUNG,JAKARTA TIMUR,2450000000.0
5,4,286.0,286.0,0,1,0,CAKUNG TIMUR,CAKUNG,JAKARTA TIMUR,5300000000.0
3,4,120.0,120.0,1,1,0,CAKUNG TIMUR,CAKUNG,JAKARTA TIMUR,2100000000.0
3,2,200.0,130.0,2,1,0,CAKUNG TIMUR,CAKUNG,JAKARTA TIMUR,2850000000.0
4,3,75.0,90.0,0,1,0,CAKUNG TIMUR,CAKUNG,JAKARTA TIMUR,1700000000.0
4,3,90.0,90.0,1,1,0,CAKUNG TIMUR,CAKUNG,JAKARTA TIMUR,1800000000.0
5,4,116.0,120.0,0,1,0,CAKUNG TIMUR,CAKUNG,JAKARTA TIMUR,2700000000.0
5,2,190.0,125.0,0,1,0,BALE KAMBANG,KRAMAT JATI,JAKARTA TIMUR,2200000000.0
4,4,152.0,147.0,0,1,0,CAKUNG TIMUR,CAKUNG,JAKARTA TIMUR,2650000000.0
4,2,56.0,90.0,0,1,0,CAKUNG TIMUR,CAKUNG,JAKARTA TIMUR,1700000000.0
2,2,54.0,44.0,0,1,0,PULO GEBANG,CAKUNG,JAKARTA TIMUR,850000000.0
2,1,72.0,90.0,0,1,0,CAKUNG TIMUR,CAKUNG,JAKARTA TIMUR,1500000000.0
4,4,200.0,150.0,0,1,0,BALE KAMBANG,KRAMAT JATI,JAKARTA TIMUR,2500000000.0
3,3,148.0,148.0,0,1,0,CAKUNG TIMUR,CAKUNG,JAKARTA TIMUR,2700000000.0
5,4,140.0,105.0,0,1,0,CAKUNG TIMUR,CAKUNG,JAKARTA TIMUR,3300000000.0
4,4,123.0,112.0,0,1,0,CAKUNG TIMUR,CAKUNG,JAKARTA TIMUR,2550000000.0
4,2,93.0,75.0,2,1,0,CAKUNG TIMUR,CAKUNG,JAKARTA TIMUR,2109000000.0
5,4,116.0,120.0,2,1,0,CAKUNG TIMUR,CAKUNG,JAKARTA TIMUR,2700000000.0
4,3,75.0,90.0,0,1,0,CAKUNG TIMUR,CAKUNG,JAKARTA TIMUR,1800000000.0
6,5,320.0,328.0,0,1,0,PULO GEBANG,CAKUNG,JAKARTA TIMUR,5200000000.0
4,4,150.0,198.0,2,1,0,CAKUNG TIMUR,CAKUNG,JAKARTA TIMUR,2800000000.0
4,4,148.0,158.0,2,1,0,CAKUNG TIMUR,CAKUNG,JAKARTA TIMUR,4200000000.0
2,2,69.0,90.0,2,1,0,CAKUNG TIMUR,CAKUNG,JAKARTA TIMUR,2057000000.0
3,3,120.0,40.0,1,1,0,UTAN KAYU UTARA,MATRAMAN,JAKARTA TIMUR,850000000.0
4,3,132.0,90.0,0,1,0,CAKUNG TIMUR,CAKUNG,JAKARTA TIMUR,1700000000.0
2,1,80.0,72.0,0,1,0,BALE KAMBANG,KRAMAT JATI,JAKARTA TIMUR,750000000.0
5,2,180.0,90.0,0,1,0,UTAN KAYU SELATAN,MATRAMAN,JAKARTA TIMUR,4500000000.0
5,5,194.0,105.0,2,1,0,CAKUNG TIMUR,CAKUNG,JAKARTA TIMUR,3000000000.0
2,1,45.0,60.0,0,1,0,MUNJUL,CIPAYUNG,JAKARTA TIMUR,650000000.0
4,3,120.0,90.0,0,1,0,BALE KAMBANG,KRAMAT JATI,JAKARTA TIMUR,1900000000.0
3,2,96.0,105.0,0,1,0,CAKUNG TIMUR,CAKUNG,JAKARTA TIMUR,2800000000.0
3,3,207.0,149.0,0,1,0,SUNTER JAYA,TANJUNG PRIOK,JAKARTA UTARA,3200000000.0
5,5,180.0,180.0,0,1,0,PEGANGSAAN DUA,KELAPA GADING,JAKARTA UTARA,3700000000.0
4,3,130.0,90.0,0,1,0,PEGANGSAAN DUA,KELAPA GADING,JAKARTA UTARA,2600000000.0
4,3,102.0,100.0,0,1,0,PEGANGSAAN DUA,KELAPA GADING,JAKARTA UTARA,2700000000.0
3,2,100.0,60.0,0,1,0,PEGANGSAAN DUA,KELAPA GADING,JAKARTA UTARA,1800000000.0
4,3,200.0,300.0,0,1,0,PEGANGSAAN DUA,KELAPA GADING,JAKARTA UTARA,8500000000.0
6,4,280.0,200.0,0,1,0,PEGANGSAAN DUA,KELAPA GADING,JAKARTA UTARA,6700000000.0
4,3,300.0,84.0,0,1,0,ANCOL,PADEMANGAN,JAKARTA UTARA,2500000000.0
4,3,140.0,105.0,0,1,0,PEGANGSAAN DUA,KELAPA GADING,JAKARTA UTARA,3000000000.0
4,4,198.0,197.0,0,1,0,PEGANGSAAN DUA,KELAPA GADING,JAKARTA UTARA,6000000000.0
4,4,222.75,74.25,0,1,0,ANCOL,PADEMANGAN,JAKARTA UTARA,2000000000.0
4,3,100.0,102.0,0,1,0,PEGANGSAAN DUA,KELAPA GADING,JAKARTA UTARA,3300000000.0
4,4,220.0,90.0,0,1,0,PEGANGSAAN DUA,KELAPA GADING,JAKARTA UTARA,2450000000.0
4,4,225.0,90.0,0,1,0,PEGANGSAAN DUA,KELAPA GADING,JAKARTA UTARA,2700000000.0
4,5,300.0,160.0,0,1,0,KELAPA GADING TIMUR,KELAPA GADING,JAKARTA UTARA,5700000000.0
4,5,250.0,135.0,0,1,0,PEGANGSAAN DUA,KELAPA GADING,JAKARTA UTARA,3500000000.0
5,4,176.0,120.0,0,1,0,PEGANGSAAN DUA,KELAPA GADING,JAKARTA UTARA,4000000000.0
5,4,250.0,120.0,0,1,0,PEGANGSAAN DUA,KELAPA GADING,JAKARTA UTARA,3500000000.0
2,1,30.0,60.0,0,1,0,SUNTER JAYA,TANJUNG PRIOK,JAKARTA UTARA,485000000.0
4,3,130.0,90.0,0,1,0,KELAPA GADING TIMUR,KELAPA GADING,JAKARTA UTARA,3000000000.0
5,5,300.0,150.0,0,1,0,PEGANGSAAN DUA,KELAPA GADING,JAKARTA UTARA,2500000000.0
5,4,150.0,90.0,0,1,0,KELAPA GADING TIMUR,KELAPA GADING,JAKARTA UTARA,2460000000.0
5,5,225.0,96.0,0,1,0,KAMAL MUARA,PENJARINGAN,JAKARTA UTARA,12777000000.0
6,5,350.0,180.0,0,1,0,PEGANGSAAN DUA,KELAPA GADING,JAKARTA UTARA,9000000000.0
4,5,300.0,160.0,0,1,0,PEGANGSAAN DUA,KELAPA GADING,JAKARTA UTARA,4500000000.0
3,3,355.0,220.0,0,1,0,KAMAL MUARA,PENJARINGAN,JAKARTA UTARA,5700000000.0
4,3,500.0,404.0,0,1,0,SUNTER JAYA,TANJUNG PRIOK,JAKARTA UTARA,5500000000.0
5,4,477.0,427.0,0,1,0,KAMAL MUARA,PENJARINGAN,JAKARTA UTARA,7000000000.0
2,2,55.0,33.0,0,1,0,PEGANGSAAN DUA,KELAPA GADING,JAKARTA UTARA,850000000.0
3,3,159.0,145.0,0,1,0,SUNTER JAYA,TANJUNG PRIOK,JAKARTA UTARA,3200000000.0
7,6,391.0,336.0,0,1,0,SUNTER JAYA,TANJUNG PRIOK,JAKARTA UTARA,10000000000.0
1,1,220.0,234.0,0,1,0,SUNTER JAYA,TANJUNG PRIOK,JAKARTA UTARA,6500000000.0
5,4,520.0,145.0,0,1,0,SUNTER JAYA,TANJUNG PRIOK,JAKARTA UTARA,4500000000.0
3,2,110.0,58.0,0,1,0,SUNTER JAYA,TANJUNG PRIOK,JAKARTA UTARA,1200000000.0
4,4,180.0,152.0,0,1,0,SUNTER JAYA,TANJUNG PRIOK,JAKARTA UTARA,3200000000.0
4,3,200.0,120.0,0,1,0,PEGANGSAAN DUA,KELAPA GADING,JAKARTA UTARA,2850000000.0
5,2,111.0,111.0,0,1,0,PEGANGSAAN DUA,KELAPA GADING,JAKARTA UTARA,2600000000.0
4,2,150.0,158.0,0,1,0,SUNTER AGUNG,TANJUNG PRIOK,JAKARTA UTARA,3600000000.0
3,2,170.0,108.0,0,1,0,SUNTER JAYA,TANJUNG PRIOK,JAKARTA UTARA,3200000000.0
3,2,170.0,90.0,0,1,0,PEGANGSAAN DUA,KELAPA GADING,JAKARTA UTARA,2900000000.0
4,4,205.0,236.0,0,1,0,PEGANGSAAN DUA,KELAPA GADING,JAKARTA UTARA,4800000000.0
2,2,90.0,172.0,0,1,0,PEGANGSAAN DUA,KELAPA GADING,JAKARTA UTARA,1950000000.0
6,3,230.0,95.0,0,1,0,PADEMANGAN TIMUR,PADEMANGAN,JAKARTA UTARA,1800000000.0
3,2,170.0,120.0,0,1,0,SUNTER JAYA,TANJUNG PRIOK,JAKARTA UTARA,3300000000.0
3,4,200.0,160.0,1,1,0,PLUIT,PENJARINGAN,JAKARTA UTARA,4600000000.0
3,2,191.0,98.0,0,1,0,SUNTER JAYA,TANJUNG PRIOK,JAKARTA UTARA,2800000000.0
